"No.","Time","Source","Destination","Protocol","Length","Info"
"1","0.000000","192.168.1.99","192.168.1.25","TCP","60","1098  >  10001 [ACK] Seq=1 Ack=1 Win=509 Len=0"
"2","0.043982","142.250.77.174","192.168.1.25","TLSv1.2","127","Application Data"
"3","0.044126","192.168.1.25","142.250.77.174","TCP","54","9632  >  443 [FIN, ACK] Seq=1 Ack=74 Win=511 Len=0"
"4","0.080455","142.250.77.174","192.168.1.25","TCP","60","443  >  9632 [FIN, ACK] Seq=74 Ack=2 Win=276 Len=0"
"5","0.080490","192.168.1.25","142.250.77.174","TCP","54","9632  >  443 [ACK] Seq=2 Ack=75 Win=511 Len=0"
"6","0.256160","192.168.1.25","192.168.1.30","TCP","71","10000  >  50085 [PSH, ACK] Seq=1 Ack=1 Win=510 Len=17"
"7","0.256219","192.168.1.25","192.168.1.99","TCP","195","10000  >  1081 [PSH, ACK] Seq=1 Ack=1 Win=4100 Len=141"
"8","0.256240","192.168.1.25","192.168.1.30","TCP","195","10000  >  50085 [PSH, ACK] Seq=18 Ack=1 Win=510 Len=141"
"9","0.257275","192.168.1.30","192.168.1.25","TCP","60","50085  >  10000 [ACK] Seq=1 Ack=159 Win=508 Len=0"
"10","0.257275","192.168.1.30","192.168.1.25","TCP","71","50085  >  10000 [PSH, ACK] Seq=1 Ack=159 Win=508 Len=17"
"11","0.295356","192.168.1.25","192.168.1.30","TCP","195","10001  >  50089 [PSH, ACK] Seq=1 Ack=1 Win=511 Len=141"
"12","0.295380","192.168.1.25","192.168.1.99","TCP","195","10001  >  1098 [PSH, ACK] Seq=1 Ack=1 Win=4101 Len=141"
"13","0.297323","192.168.1.25","192.168.1.30","TCP","54","10000  >  50085 [ACK] Seq=159 Ack=18 Win=510 Len=0"
"14","0.310666","192.168.1.99","192.168.1.25","TCP","60","1081  >  10000 [ACK] Seq=1 Ack=142 Win=4105 Len=0"
"15","0.334789","192.168.1.10","224.2.2.2","UDP","72","52161  >  8995 Len=30"
"16","0.341044","192.168.1.30","192.168.1.25","TCP","60","50089  >  10001 [ACK] Seq=1 Ack=142 Win=508 Len=0"
"17","0.341797","192.168.1.99","192.168.1.25","TCP","60","1098  >  10001 [ACK] Seq=1 Ack=142 Win=509 Len=0"
"18","0.348453","192.168.1.99","192.168.1.25","TCP","195","1081  >  10000 [PSH, ACK] Seq=1 Ack=142 Win=4105 Len=141"
"19","0.389259","192.168.1.25","192.168.1.99","TCP","54","10000  >  1081 [ACK] Seq=142 Ack=142 Win=4106 Len=0"
"20","0.445014","192.168.1.26","239.255.255.250","SSDP","215","M-SEARCH * HTTP/1.1 "
"21","0.449056","192.168.1.30","224.2.2.2","UDP","69","52882  >  8995 Len=27"
"22","0.453430","192.168.1.99","192.168.1.25","TCP","71","1098  >  10001 [PSH, ACK] Seq=1 Ack=142 Win=509 Len=17"
"23","0.453644","192.168.1.25","192.168.1.99","TCP","71","10001  >  1098 [PSH, ACK] Seq=142 Ack=18 Win=4101 Len=17"
"24","0.498155","192.168.1.99","192.168.1.25","TCP","60","1098  >  10001 [ACK] Seq=18 Ack=159 Win=509 Len=0"
"25","0.757401","192.168.1.25","192.168.1.99","TCP","71","10000  >  1081 [PSH, ACK] Seq=142 Ack=142 Win=4106 Len=17"
"26","0.757425","192.168.1.25","192.168.1.30","TCP","71","10000  >  50085 [PSH, ACK] Seq=159 Ack=18 Win=510 Len=17"
"27","0.758520","192.168.1.99","192.168.1.25","TCP","71","1081  >  10000 [PSH, ACK] Seq=142 Ack=159 Win=4105 Len=17"
"28","0.758653","192.168.1.30","192.168.1.25","TCP","71","50085  >  10000 [PSH, ACK] Seq=18 Ack=176 Win=508 Len=17"
"29","0.796376","192.168.1.25","192.168.1.30","TCP","71","10001  >  50089 [PSH, ACK] Seq=142 Ack=1 Win=511 Len=17"
"30","0.797586","192.168.1.30","192.168.1.25","TCP","71","50089  >  10001 [PSH, ACK] Seq=1 Ack=159 Win=507 Len=17"
"31","0.799340","192.168.1.25","192.168.1.99","TCP","54","10000  >  1081 [ACK] Seq=159 Ack=159 Win=4106 Len=0"
"32","0.799346","192.168.1.25","192.168.1.30","TCP","54","10000  >  50085 [ACK] Seq=176 Ack=35 Win=510 Len=0"
"33","0.837488","192.168.1.25","192.168.1.30","TCP","54","10001  >  50089 [ACK] Seq=159 Ack=18 Win=511 Len=0"
"34","0.841882","192.168.1.30","192.168.1.25","TCP","195","50085  >  10000 [PSH, ACK] Seq=35 Ack=176 Win=508 Len=141"
"35","0.841909","192.168.1.30","192.168.1.25","TCP","195","50089  >  10001 [PSH, ACK] Seq=18 Ack=159 Win=507 Len=141"
"36","0.882772","192.168.1.25","192.168.1.30","TCP","54","10001  >  50089 [ACK] Seq=159 Ack=159 Win=510 Len=0"
"37","0.882772","192.168.1.25","192.168.1.30","TCP","54","10000  >  50085 [ACK] Seq=176 Ack=176 Win=510 Len=0"
"38","0.952314","192.168.1.99","192.168.1.25","TCP","195","1098  >  10001 [PSH, ACK] Seq=18 Ack=159 Win=509 Len=141"
"39","0.992733","192.168.1.25","192.168.1.99","TCP","54","10001  >  1098 [ACK] Seq=159 Ack=159 Win=4101 Len=0"
"40","1.257379","192.168.1.25","192.168.1.99","TCP","195","10000  >  1081 [PSH, ACK] Seq=159 Ack=159 Win=4106 Len=141"
"41","1.257470","192.168.1.25","192.168.1.30","TCP","195","10000  >  50085 [PSH, ACK] Seq=176 Ack=176 Win=510 Len=141"
"42","1.296319","192.168.1.25","192.168.1.99","TCP","71","10001  >  1098 [PSH, ACK] Seq=159 Ack=159 Win=4101 Len=17"
"43","1.296496","192.168.1.25","192.168.1.30","TCP","195","10001  >  50089 [PSH, ACK] Seq=159 Ack=159 Win=510 Len=141"
"44","1.296543","192.168.1.25","192.168.1.99","TCP","195","10001  >  1098 [PSH, ACK] Seq=176 Ack=159 Win=4101 Len=141"
"45","1.297596","192.168.1.99","192.168.1.25","TCP","60","1098  >  10001 [ACK] Seq=159 Ack=317 Win=508 Len=0"
"46","1.297596","192.168.1.99","192.168.1.25","TCP","71","1098  >  10001 [PSH, ACK] Seq=159 Ack=317 Win=508 Len=17"
"47","1.303415","192.168.1.30","192.168.1.25","TCP","60","50085  >  10000 [ACK] Seq=176 Ack=317 Win=508 Len=0"
"48","1.306086","192.168.1.99","192.168.1.25","TCP","60","1081  >  10000 [ACK] Seq=159 Ack=300 Win=4105 Len=0"
"49","1.338234","192.168.1.25","192.168.1.99","TCP","54","10001  >  1098 [ACK] Seq=317 Ack=176 Win=4101 Len=0"
"50","1.342475","192.168.1.30","192.168.1.25","TCP","71","50089  >  10001 [PSH, ACK] Seq=159 Ack=300 Win=513 Len=17"
"51","1.342668","192.168.1.25","192.168.1.30","TCP","71","10001  >  50089 [PSH, ACK] Seq=300 Ack=176 Win=510 Len=17"
"52","1.346042","192.168.1.10","224.2.2.2","UDP","72","52161  >  8995 Len=30"
"53","1.348152","192.168.1.99","192.168.1.25","TCP","71","1081  >  10000 [PSH, ACK] Seq=159 Ack=300 Win=4105 Len=17"
"54","1.348246","192.168.1.99","192.168.1.25","TCP","195","1081  >  10000 [PSH, ACK] Seq=176 Ack=300 Win=4105 Len=141"
"55","1.348281","192.168.1.25","192.168.1.99","TCP","54","10000  >  1081 [ACK] Seq=300 Ack=317 Win=4105 Len=0"
"56","1.348354","192.168.1.25","192.168.1.99","TCP","71","10000  >  1081 [PSH, ACK] Seq=300 Ack=317 Win=4105 Len=17"
"57","1.398386","192.168.1.30","192.168.1.25","TCP","60","50089  >  10001 [ACK] Seq=176 Ack=317 Win=513 Len=0"
"58","1.399544","192.168.1.99","192.168.1.25","TCP","60","1081  >  10000 [ACK] Seq=317 Ack=317 Win=4104 Len=0"
"59","1.445676","192.168.1.26","239.255.255.250","SSDP","215","M-SEARCH * HTTP/1.1 "
"60","1.448476","192.168.1.30","224.2.2.2","UDP","69","52882  >  8995 Len=27"
"61","1.553476","fe80::1","ff02::1","ICMPv6","78","Router Advertisement from b4:3d:08:26:f4:40"
"62","1.624413","192.168.1.25","142.250.183.206","TCP","55","9521  >  443 [ACK] Seq=1 Ack=1 Win=511 Len=1 [TCP segment of a reassembled PDU]"
"63","1.668905","13.107.42.16","192.168.1.25","TCP","60","443  >  9675 [RST, ACK] Seq=1 Ack=1 Win=0 Len=0"
"64","1.691073","142.250.183.206","192.168.1.25","TCP","66","443  >  9521 [ACK] Seq=1 Ack=2 Win=294 Len=0 SLE=1 SRE=2"
"65","1.796488","192.168.1.25","192.168.1.99","TCP","71","10001  >  1098 [PSH, ACK] Seq=317 Ack=176 Win=4101 Len=17"
"66","1.797819","192.168.1.99","192.168.1.25","TCP","71","1098  >  10001 [PSH, ACK] Seq=176 Ack=334 Win=508 Len=17"
"67","1.839471","192.168.1.25","192.168.1.99","TCP","54","10001  >  1098 [ACK] Seq=334 Ack=193 Win=4101 Len=0"
"68","1.842225","192.168.1.30","192.168.1.25","TCP","71","50085  >  10000 [PSH, ACK] Seq=176 Ack=317 Win=508 Len=17"
"69","1.842304","192.168.1.30","192.168.1.25","TCP","195","50089  >  10001 [PSH, ACK] Seq=176 Ack=317 Win=513 Len=141"
"70","1.842322","192.168.1.30","192.168.1.25","TCP","195","50085  >  10000 [PSH, ACK] Seq=193 Ack=317 Win=508 Len=141"
"71","1.842354","192.168.1.25","192.168.1.30","TCP","54","10000  >  50085 [ACK] Seq=317 Ack=334 Win=509 Len=0"
"72","1.842461","192.168.1.25","192.168.1.30","TCP","71","10000  >  50085 [PSH, ACK] Seq=317 Ack=334 Win=509 Len=17"
"73","1.848498","192.168.1.99","192.168.1.25","TCP","71","1081  >  10000 [PSH, ACK] Seq=317 Ack=317 Win=4104 Len=17"
"74","1.848690","192.168.1.25","192.168.1.99","TCP","71","10000  >  1081 [PSH, ACK] Seq=317 Ack=334 Win=4105 Len=17"
"75","1.883473","192.168.1.25","192.168.1.30","TCP","54","10001  >  50089 [ACK] Seq=317 Ack=317 Win=510 Len=0"
"76","1.887123","HewlettP_2e:03:0e","Broadcast","ARP","42","Who has 192.168.1.5? Tell 192.168.1.25"
"77","1.888111","192.168.1.25","192.168.1.1","DNS","84","Standard query 0x77a5 PTR 5.1.168.192.in-addr.arpa"
"78","1.890579","192.168.1.30","192.168.1.25","TCP","60","50085  >  10000 [ACK] Seq=334 Ack=334 Win=507 Len=0"
"79","1.899547","192.168.1.99","192.168.1.25","TCP","60","1081  >  10000 [ACK] Seq=334 Ack=334 Win=4104 Len=0"
"80","1.910057","192.168.1.1","192.168.1.25","DNS","154","Standard query response 0x77a5 No such name PTR 5.1.168.192.in-addr.arpa SOA localhost"
"81","1.911512","fe80::94aa:da65:b1b2:d050","ff02::1:3","LLMNR","104","Standard query 0x2c2e PTR 5.1.168.192.in-addr.arpa"
"82","1.911781","192.168.1.25","224.0.0.252","LLMNR","84","Standard query 0x2c2e PTR 5.1.168.192.in-addr.arpa"
"83","1.952276","192.168.1.99","192.168.1.25","TCP","195","1098  >  10001 [PSH, ACK] Seq=193 Ack=334 Win=508 Len=141"
"84","1.991081","142.250.182.74","192.168.1.25","TLSv1.2","135","Application Data"
"85","1.991081","142.250.182.74","192.168.1.25","TLSv1.2","97","Application Data"
"86","1.991180","192.168.1.25","142.250.182.74","TCP","54","9579  >  443 [ACK] Seq=1 Ack=125 Win=512 Len=0"
"87","1.991259","142.250.182.74","192.168.1.25","TLSv1.2","174","Application Data"
"88","1.991259","142.250.182.74","192.168.1.25","TLSv1.2","93","Application Data"
"89","1.991294","192.168.1.25","142.250.182.74","TCP","54","9579  >  443 [ACK] Seq=1 Ack=284 Win=512 Len=0"
"90","1.991676","192.168.1.25","142.250.182.74","TLSv1.2","89","Application Data"
"91","1.991723","192.168.1.25","142.250.182.74","TLSv1.2","93","Application Data"
"92","1.991796","192.168.1.25","142.250.182.74","TLSv1.2","89","Application Data"
"93","1.992480","192.168.1.25","192.168.1.99","TCP","54","10001  >  1098 [ACK] Seq=334 Ack=334 Win=4100 Len=0"
"94","1.994731","192.168.1.25","34.72.0.0","TLSv1.2","129","Application Data"
"95","1.994800","192.168.1.25","34.72.0.0","TLSv1.2","100","Application Data"
"96","1.994847","192.168.1.25","34.72.0.0","TLSv1.2","1774","Application Data"
"97","2.001509","192.168.1.25","142.250.182.74","TLSv1.2","296","Application Data"
"98","2.027122","142.250.182.74","192.168.1.25","TCP","60","443  >  9579 [ACK] Seq=284 Ack=36 Win=608 Len=0"
"99","2.027122","142.250.182.74","192.168.1.25","TCP","60","443  >  9579 [ACK] Seq=284 Ack=75 Win=608 Len=0"
"100","2.028039","142.250.182.74","192.168.1.25","TCP","60","443  >  9579 [ACK] Seq=284 Ack=110 Win=608 Len=0"
"101","2.037308","142.250.182.74","192.168.1.25","TCP","60","443  >  9579 [ACK] Seq=284 Ack=352 Win=619 Len=0"
"102","2.103220","142.250.182.74","192.168.1.25","TLSv1.2","156","Application Data"
"103","2.103317","142.250.182.74","192.168.1.25","TLSv1.2","167","Application Data"
"104","2.103317","142.250.182.74","192.168.1.25","TLSv1.2","99","Application Data"
"105","2.103361","192.168.1.25","142.250.182.74","TCP","54","9579  >  443 [ACK] Seq=352 Ack=544 Win=511 Len=0"
"106","2.103406","142.250.182.74","192.168.1.25","TLSv1.2","93","Application Data"
"107","2.103440","192.168.1.25","142.250.182.74","TCP","54","9579  >  443 [ACK] Seq=352 Ack=583 Win=511 Len=0"
"108","2.103788","192.168.1.25","142.250.182.74","TLSv1.2","93","Application Data"
"109","2.103833","192.168.1.25","142.250.182.74","TLSv1.2","89","Application Data"
"110","2.113234","192.168.1.25","142.250.182.74","TLSv1.2","297","Application Data"
"111","2.139634","142.250.182.74","192.168.1.25","TCP","60","443  >  9579 [ACK] Seq=583 Ack=391 Win=619 Len=0"
"112","2.139634","142.250.182.74","192.168.1.25","TCP","60","443  >  9579 [ACK] Seq=583 Ack=426 Win=619 Len=0"
"113","2.149054","142.250.182.74","192.168.1.25","TCP","60","443  >  9579 [ACK] Seq=583 Ack=669 Win=630 Len=0"
"114","2.269551","34.72.0.0","192.168.1.25","TCP","60","443  >  9588 [ACK] Seq=1 Ack=76 Win=501 Len=0"
"115","2.269551","34.72.0.0","192.168.1.25","TCP","60","443  >  9588 [ACK] Seq=1 Ack=122 Win=501 Len=0"
"116","2.269608","34.72.0.0","192.168.1.25","TLSv1.2","100","Application Data"
"117","2.270883","34.72.0.0","192.168.1.25","TCP","60","443  >  9588 [ACK] Seq=47 Ack=1842 Win=501 Len=0"
"118","2.271027","34.72.0.0","192.168.1.25","TLSv1.2","96","Application Data"
"119","2.271058","192.168.1.25","34.72.0.0","TCP","54","9588  >  443 [ACK] Seq=1842 Ack=89 Win=514 Len=0"
"120","2.272616","34.72.0.0","192.168.1.25","TLSv1.2","124","Application Data"
"121","2.273401","192.168.1.25","34.72.0.0","TLSv1.2","96","Application Data"
"122","2.274076","192.168.1.25","52.71.136.140","TCP","54","9687  >  443 [FIN, ACK] Seq=1 Ack=1 Win=508 Len=0"
"123","2.274100","192.168.1.25","52.71.136.140","TCP","54","9687  >  443 [RST, ACK] Seq=2 Ack=1 Win=0 Len=0"
"124","2.274202","192.168.1.25","142.250.205.227","TCP","54","9703  >  443 [FIN, ACK] Seq=1 Ack=1 Win=509 Len=0"
"125","2.274257","192.168.1.25","185.199.111.153","TCP","54","9714  >  443 [FIN, ACK] Seq=1 Ack=1 Win=512 Len=0"
"126","2.274351","192.168.1.25","142.250.205.227","TCP","54","9712  >  443 [FIN, ACK] Seq=1 Ack=1 Win=507 Len=0"
"127","2.274394","192.168.1.25","151.101.1.69","TCP","54","9710  >  443 [FIN, ACK] Seq=1 Ack=1 Win=512 Len=0"
"128","2.274471","192.168.1.25","157.240.1.9","TCP","54","9731  >  443 [FIN, ACK] Seq=1 Ack=1 Win=514 Len=0"
"129","2.274524","192.168.1.25","142.250.182.3","TCP","54","9704  >  443 [FIN, ACK] Seq=1 Ack=1 Win=507 Len=0"
"130","2.274875","192.168.1.25","192.168.1.1","DNS","79","Standard query 0x14bc A clients2.google.com"
"131","2.275061","192.168.1.25","192.168.1.1","DNS","79","Standard query 0xa0bd HTTPS clients2.google.com"
"132","2.276918","157.240.1.9","192.168.1.25","TCP","60","443  >  9731 [FIN, ACK] Seq=1 Ack=2 Win=261 Len=0"
"133","2.276950","192.168.1.25","157.240.1.9","TCP","54","9731  >  443 [ACK] Seq=2 Ack=2 Win=514 Len=0"
"134","2.307313","142.250.205.227","192.168.1.25","TCP","60","443  >  9703 [FIN, ACK] Seq=1 Ack=2 Win=261 Len=0"
"135","2.307373","192.168.1.25","142.250.205.227","TCP","54","9703  >  443 [ACK] Seq=2 Ack=2 Win=509 Len=0"
"136","2.308840","142.250.205.227","192.168.1.25","TCP","60","443  >  9712 [FIN, ACK] Seq=1 Ack=2 Win=262 Len=0"
"137","2.308889","192.168.1.25","142.250.205.227","TCP","54","9712  >  443 [ACK] Seq=2 Ack=2 Win=507 Len=0"
"138","2.309170","192.168.1.1","192.168.1.25","DNS","129","Standard query response 0x14bc A clients2.google.com CNAME clients.l.google.com A 142.250.196.14"
"139","2.309792","142.250.182.3","192.168.1.25","TCP","60","443  >  9704 [FIN, ACK] Seq=1 Ack=2 Win=262 Len=0"
"140","2.309841","192.168.1.25","142.250.182.3","TCP","54","9704  >  443 [ACK] Seq=2 Ack=2 Win=507 Len=0"
"141","2.310196","192.168.1.1","192.168.1.25","DNS","163","Standard query response 0xa0bd HTTPS clients2.google.com CNAME clients.l.google.com SOA ns1.google.com"
"142","2.310765","192.168.1.25","142.250.196.14","TCP","66","9750  >  443 [SYN] Seq=0 Win=64240 Len=0 MSS=1460 WS=256 SACK_PERM"
"143","2.321446","151.101.1.69","192.168.1.25","TCP","60","443  >  9710 [ACK] Seq=1 Ack=2 Win=288 Len=0"
"144","2.321506","151.101.1.69","192.168.1.25","TLSv1.2","85","Encrypted Alert"
"145","2.321540","192.168.1.25","151.101.1.69","TCP","54","9710  >  443 [RST, ACK] Seq=2 Ack=32 Win=0 Len=0"
"146","2.321582","151.101.1.69","192.168.1.25","TCP","60","443  >  9710 [FIN, ACK] Seq=32 Ack=2 Win=288 Len=0"
"147","2.321608","192.168.1.25","151.101.1.69","TCP","54","9710  >  443 [RST] Seq=2 Win=0 Len=0"
"148","2.322332","185.199.111.153","192.168.1.25","TCP","60","443  >  9714 [ACK] Seq=1 Ack=2 Win=288 Len=0"
"149","2.322403","185.199.111.153","192.168.1.25","TLSv1.2","78","Application Data"
"150","2.322449","192.168.1.25","185.199.111.153","TCP","54","9714  >  443 [RST, ACK] Seq=2 Ack=25 Win=0 Len=0"
"151","2.322517","185.199.111.153","192.168.1.25","TCP","60","443  >  9714 [FIN, ACK] Seq=25 Ack=2 Win=288 Len=0"
"152","2.322549","192.168.1.25","185.199.111.153","TCP","54","9714  >  443 [RST] Seq=2 Win=0 Len=0"
"153","2.322772","fe80::94aa:da65:b1b2:d050","ff02::1:3","LLMNR","104","Standard query 0x2c2e PTR 5.1.168.192.in-addr.arpa"
"154","2.323006","192.168.1.25","224.0.0.252","LLMNR","84","Standard query 0x2c2e PTR 5.1.168.192.in-addr.arpa"
"155","2.342339","192.168.1.10","224.2.2.2","UDP","72","52161  >  8995 Len=30"
"156","2.342411","142.250.196.14","192.168.1.25","TCP","66","443  >  9750 [SYN, ACK] Seq=0 Ack=1 Win=65535 Len=0 MSS=1412 SACK_PERM WS=256"
"157","2.342509","192.168.1.25","142.250.196.14","TCP","54","9750  >  443 [ACK] Seq=1 Ack=1 Win=131072 Len=0"
"158","2.342533","142.250.182.74","192.168.1.25","TLSv1.2","122","Application Data"
"159","2.342628","142.250.182.74","192.168.1.25","TLSv1.2","270","Application Data"
"160","2.342657","192.168.1.25","142.250.182.74","TCP","54","9579  >  443 [ACK] Seq=669 Ack=867 Win=510 Len=0"
"161","2.343593","192.168.1.25","142.250.196.14","TLSv1.3","571","Client Hello"
"162","2.348178","192.168.1.99","192.168.1.25","TCP","195","1081  >  10000 [PSH, ACK] Seq=334 Ack=334 Win=4104 Len=141"
"163","2.375078","142.250.196.14","192.168.1.25","TCP","60","443  >  9750 [ACK] Seq=1 Ack=518 Win=66816 Len=0"
"164","2.388858","192.168.1.25","192.168.1.99","TCP","54","10000  >  1081 [ACK] Seq=334 Ack=475 Win=4104 Len=0"
"165","2.408159","142.250.196.14","192.168.1.25","TLSv1.3","1466","Server Hello, Change Cipher Spec"
"166","2.408230","142.250.196.14","192.168.1.25","TCP","1466","443  >  9750 [PSH, ACK] Seq=1413 Ack=518 Win=66816 Len=1412 [TCP segment of a reassembled PDU]"
"167","2.408244","192.168.1.25","142.250.196.14","TCP","54","9750  >  443 [ACK] Seq=518 Ack=2825 Win=131072 Len=0"
"168","2.408360","142.250.196.14","192.168.1.25","TCP","1466","443  >  9750 [ACK] Seq=2825 Ack=518 Win=66816 Len=1412 [TCP segment of a reassembled PDU]"
"169","2.408500","142.250.196.14","192.168.1.25","TCP","1466","443  >  9750 [PSH, ACK] Seq=4237 Ack=518 Win=66816 Len=1412 [TCP segment of a reassembled PDU]"
"170","2.408505","192.168.1.25","142.250.196.14","TCP","54","9750  >  443 [ACK] Seq=518 Ack=5649 Win=131072 Len=0"
"171","2.408569","142.250.196.14","192.168.1.25","TLSv1.3","1345","Application Data"
"172","2.410391","192.168.1.25","142.250.196.14","TLSv1.3","128","Change Cipher Spec, Application Data"
"173","2.410523","192.168.1.25","142.250.196.14","TLSv1.3","152","Application Data"
"174","2.410600","192.168.1.25","142.250.196.14","TLSv1.3","351","Application Data"
"175","2.442779","142.250.196.14","192.168.1.25","TLSv1.3","1020","Application Data, Application Data"
"176","2.442779","142.250.196.14","192.168.1.25","TLSv1.3","85","Application Data"
"177","2.442890","192.168.1.25","142.250.196.14","TCP","54","9750  >  443 [ACK] Seq=987 Ack=7937 Win=131072 Len=0"
"178","2.443202","192.168.1.25","142.250.196.14","TLSv1.3","85","Application Data"
"179","2.448902","192.168.1.30","224.2.2.2","UDP","69","52882  >  8995 Len=27"
"180","2.453274","192.168.1.99","192.168.1.25","TCP","71","1098  >  10001 [PSH, ACK] Seq=334 Ack=334 Win=508 Len=17"
"181","2.454775","142.250.182.74","192.168.1.25","TLSv1.2","122","Application Data"
"182","2.454943","142.250.182.74","192.168.1.25","TLSv1.2","367","Application Data"
"183","2.454986","192.168.1.25","142.250.182.74","TCP","54","9579  >  443 [ACK] Seq=669 Ack=1248 Win=508 Len=0"
"184","2.458164","192.168.1.26","239.255.255.250","SSDP","215","M-SEARCH * HTTP/1.1 "
"185","2.467557","HewlettP_2e:03:0e","Broadcast","ARP","42","Who has 192.168.1.5? Tell 192.168.1.25"
"186","2.478942","142.250.196.14","192.168.1.25","TCP","60","443  >  9750 [ACK] Seq=7937 Ack=1018 Win=67840 Len=0"
"187","2.498530","192.168.1.25","192.168.1.99","TCP","54","10001  >  1098 [ACK] Seq=334 Ack=351 Win=4106 Len=0"
"188","2.504440","52.71.136.140","192.168.1.25","TCP","60","443  >  9687 [ACK] Seq=1 Ack=2 Win=110 Len=0"
"189","2.504469","192.168.1.25","52.71.136.140","TCP","54","9687  >  443 [RST] Seq=2 Win=0 Len=0"
"190","2.542721","142.250.196.14","192.168.1.25","TLSv1.3","205","Application Data"
"191","2.543226","142.250.196.14","192.168.1.25","TLSv1.3","1466","Application Data"
"192","2.543226","142.250.196.14","192.168.1.25","TLSv1.3","284","Application Data"
"193","2.543226","142.250.196.14","192.168.1.25","TLSv1.3","93","Application Data"
"194","2.543297","192.168.1.25","142.250.196.14","TCP","54","9750  >  443 [ACK] Seq=1018 Ack=9769 Win=131072 Len=0"
"195","2.543466","192.168.1.25","142.250.196.14","TLSv1.3","93","Application Data"
"196","2.543524","192.168.1.25","142.250.196.14","TLSv1.3","89","Application Data"
"197","2.574712","142.250.196.14","192.168.1.25","TCP","60","443  >  9750 [ACK] Seq=9769 Ack=1057 Win=67840 Len=0"
"198","2.574793","142.250.196.14","192.168.1.25","TCP","60","443  >  9750 [ACK] Seq=9769 Ack=1092 Win=67840 Len=0"
"199","2.588742","34.72.0.0","192.168.1.25","TCP","60","443  >  9588 [ACK] Seq=159 Ack=1884 Win=501 Len=0"
"200","2.626164","157.240.1.9","192.168.1.25","TLSv1.2","93","Application Data"
"201","2.626164","157.240.1.9","192.168.1.25","TCP","60","443  >  9720 [FIN, ACK] Seq=40 Ack=1 Win=265 Len=0"
"202","2.626252","192.168.1.25","157.240.1.9","TCP","54","9720  >  443 [ACK] Seq=1 Ack=41 Win=516 Len=0"
"203","2.626560","192.168.1.25","157.240.1.9","TCP","54","9720  >  443 [FIN, ACK] Seq=1 Ack=41 Win=516 Len=0"
"204","2.628398","157.240.1.9","192.168.1.25","TCP","60","443  >  9720 [ACK] Seq=41 Ack=2 Win=265 Len=0"
"205","2.645647","00:ff:ff:cc:11:10","Broadcast","0xfffa","95","Ethernet II"
"206","2.659630","157.240.1.9","192.168.1.25","TLSv1.2","93","Application Data"
"207","2.659630","157.240.1.9","192.168.1.25","TCP","60","443  >  9721 [FIN, ACK] Seq=40 Ack=1 Win=265 Len=0"
"208","2.659718","192.168.1.25","157.240.1.9","TCP","54","9721  >  443 [ACK] Seq=1 Ack=41 Win=511 Len=0"
"209","2.660030","192.168.1.25","157.240.1.9","TCP","54","9721  >  443 [FIN, ACK] Seq=1 Ack=41 Win=511 Len=0"
"210","2.662346","157.240.1.9","192.168.1.25","TCP","60","443  >  9721 [ACK] Seq=41 Ack=2 Win=265 Len=0"
"211","2.841633","192.168.1.30","192.168.1.25","TCP","71","50085  >  10000 [PSH, ACK] Seq=334 Ack=334 Win=507 Len=17"
"212","2.841633","192.168.1.30","192.168.1.25","TCP","195","50085  >  10000 [PSH, ACK] Seq=351 Ack=334 Win=507 Len=141"
"213","2.841644","192.168.1.30","192.168.1.25","TCP","71","50089  >  10001 [PSH, ACK] Seq=317 Ack=317 Win=513 Len=17"
"214","2.841717","192.168.1.25","192.168.1.30","TCP","54","10000  >  50085 [ACK] Seq=334 Ack=492 Win=508 Len=0"
"215","2.841719","192.168.1.30","192.168.1.25","TCP","195","50089  >  10001 [PSH, ACK] Seq=334 Ack=317 Win=513 Len=141"
"216","2.841749","192.168.1.25","192.168.1.30","TCP","54","10001  >  50089 [ACK] Seq=317 Ack=475 Win=509 Len=0"
"217","2.849748","192.168.1.99","192.168.1.25","TCP","71","1081  >  10000 [PSH, ACK] Seq=475 Ack=334 Win=4104 Len=17"
"218","2.889920","192.168.1.25","192.168.1.99","TCP","54","10000  >  1081 [ACK] Seq=334 Ack=492 Win=4104 Len=0"
"219","2.894744","HewlettP_50:d9:93","LLDP_Multicast","LLDP","189","LA/administrator LA/port-001 20 SysN=ADMINISTRATOR SysD=Hewlett-Packard HP EliteDesk 800 G1 SFF,MXL6110FMT,C8N26AV + HMI RTClass3 Port Status = OFF"
"220","2.951841","192.168.1.99","192.168.1.25","TCP","195","1098  >  10001 [PSH, ACK] Seq=351 Ack=334 Win=508 Len=141"
"221","2.992244","192.168.1.25","192.168.1.99","TCP","54","10001  >  1098 [ACK] Seq=334 Ack=492 Win=4105 Len=0"
"222","3.343368","192.168.1.10","224.2.2.2","UDP","72","52161  >  8995 Len=30"
"223","3.347506","157.240.1.35","192.168.1.25","TLSv1.2","108","Application Data"
"224","3.347613","157.240.1.35","192.168.1.25","TCP","60","443  >  9724 [FIN, ACK] Seq=55 Ack=1 Win=280 Len=0"
"225","3.347650","192.168.1.25","157.240.1.35","TCP","54","9724  >  443 [ACK] Seq=1 Ack=56 Win=513 Len=0"
"226","3.347935","192.168.1.25","157.240.1.35","TCP","54","9724  >  443 [FIN, ACK] Seq=1 Ack=56 Win=513 Len=0"
"227","3.349400","192.168.1.99","192.168.1.25","TCP","195","1081  >  10000 [PSH, ACK] Seq=492 Ack=334 Win=4104 Len=141"
"228","3.349486","157.240.1.35","192.168.1.25","TCP","60","443  >  9724 [ACK] Seq=56 Ack=2 Win=280 Len=0"
"229","3.389580","192.168.1.25","192.168.1.99","TCP","54","10000  >  1081 [ACK] Seq=334 Ack=633 Win=4104 Len=0"
"230","3.448340","192.168.1.30","224.2.2.2","UDP","69","52882  >  8995 Len=27"
"231","3.451789","192.168.1.99","192.168.1.25","TCP","71","1098  >  10001 [PSH, ACK] Seq=492 Ack=334 Win=508 Len=17"
"232","3.467264","HewlettP_2e:03:0e","Broadcast","ARP","42","Who has 192.168.1.5? Tell 192.168.1.25"
"233","3.491922","192.168.1.25","192.168.1.99","TCP","54","10001  >  1098 [ACK] Seq=334 Ack=509 Win=4105 Len=0"
"234","3.765466","157.240.1.9","192.168.1.25","TLSv1.2","93","Application Data"
"235","3.765580","157.240.1.9","192.168.1.25","TCP","60","443  >  9725 [FIN, ACK] Seq=40 Ack=1 Win=269 Len=0"
"236","3.765626","192.168.1.25","157.240.1.9","TCP","54","9725  >  443 [ACK] Seq=1 Ack=41 Win=515 Len=0"
"237","3.765903","192.168.1.25","157.240.1.9","TCP","54","9725  >  443 [FIN, ACK] Seq=1 Ack=41 Win=515 Len=0"
"238","3.768130","157.240.1.9","192.168.1.25","TCP","60","443  >  9725 [ACK] Seq=41 Ack=2 Win=269 Len=0"
"239","3.841010","192.168.1.30","192.168.1.25","TCP","195","50085  >  10000 [PSH, ACK] Seq=492 Ack=334 Win=507 Len=141"
"240","3.842979","192.168.1.30","192.168.1.25","TCP","195","50089  >  10001 [PSH, ACK] Seq=475 Ack=317 Win=513 Len=141"
"241","3.881311","192.168.1.25","192.168.1.30","TCP","54","10000  >  50085 [ACK] Seq=334 Ack=633 Win=508 Len=0"
"242","3.889270","192.168.1.25","192.168.1.30","TCP","54","10001  >  50089 [ACK] Seq=317 Ack=616 Win=509 Len=0"
"243","3.952077","192.168.1.99","192.168.1.25","TCP","195","1098  >  10001 [PSH, ACK] Seq=509 Ack=334 Win=508 Len=141"
"244","3.986318","157.240.1.9","192.168.1.25","TLSv1.2","93","Application Data"
"245","3.986528","157.240.1.9","192.168.1.25","TCP","60","443  >  9733 [FIN, ACK] Seq=40 Ack=1 Win=265 Len=0"
"246","3.986592","192.168.1.25","157.240.1.9","TCP","54","9733  >  443 [ACK] Seq=1 Ack=41 Win=516 Len=0"
"247","3.986849","192.168.1.25","157.240.1.9","TCP","54","9733  >  443 [FIN, ACK] Seq=1 Ack=41 Win=516 Len=0"
"248","3.989038","157.240.1.9","192.168.1.25","TCP","60","443  >  9733 [ACK] Seq=41 Ack=2 Win=265 Len=0"
"249","3.993108","192.168.1.25","192.168.1.99","TCP","54","10001  >  1098 [ACK] Seq=334 Ack=650 Win=4105 Len=0"
"250","4.332680","192.168.1.10","224.2.2.2","UDP","72","52161  >  8995 Len=30"
"251","4.341696","192.168.1.30","192.168.1.25","TCP","71","50085  >  10000 [PSH, ACK] Seq=633 Ack=334 Win=507 Len=17"
"252","4.350006","192.168.1.99","192.168.1.25","TCP","195","1081  >  10000 [PSH, ACK] Seq=633 Ack=334 Win=4104 Len=141"
"253","4.382289","192.168.1.25","192.168.1.30","TCP","54","10000  >  50085 [ACK] Seq=334 Ack=650 Win=508 Len=0"
"254","4.390346","192.168.1.25","192.168.1.99","TCP","54","10000  >  1081 [ACK] Seq=334 Ack=774 Win=4103 Len=0"
"255","4.449752","192.168.1.30","224.2.2.2","UDP","69","52882  >  8995 Len=27"
"256","4.453368","192.168.1.99","192.168.1.25","TCP","71","1098  >  10001 [PSH, ACK] Seq=650 Ack=334 Win=508 Len=17"
"257","4.484174","192.168.1.25","172.217.194.188","TCP","55","9147  >  5228 [ACK] Seq=1 Ack=1 Win=512 Len=1"
"258","4.493146","192.168.1.25","192.168.1.99","TCP","54","10001  >  1098 [ACK] Seq=334 Ack=667 Win=4105 Len=0"
"259","4.555923","172.217.194.188","192.168.1.25","TCP","66","5228  >  9147 [ACK] Seq=1 Ack=2 Win=265 Len=0 SLE=1 SRE=2"
"260","4.749837","192.168.1.25","142.250.205.227","TCP","55","9644  >  443 [ACK] Seq=1 Ack=1 Win=512 Len=1 [TCP segment of a reassembled PDU]"
"261","4.784883","142.250.205.227","192.168.1.25","TCP","66","443  >  9644 [ACK] Seq=1 Ack=2 Win=268 Len=0 SLE=1 SRE=2"
"262","4.841526","192.168.1.30","192.168.1.25","TCP","195","50085  >  10000 [PSH, ACK] Seq=650 Ack=334 Win=507 Len=141"
"263","4.841553","192.168.1.30","192.168.1.25","TCP","195","50089  >  10001 [PSH, ACK] Seq=616 Ack=317 Win=513 Len=141"
"264","4.880935","192.168.1.25","192.168.1.30","TCP","54","10000  >  50085 [ACK] Seq=334 Ack=791 Win=507 Len=0"
"265","4.880934","192.168.1.25","192.168.1.30","TCP","54","10001  >  50089 [ACK] Seq=317 Ack=757 Win=508 Len=0"
"266","4.886032","HewlettP_2e:03:0e","Broadcast","ARP","42","Who has 192.168.1.5? Tell 192.168.1.25"
"267","4.952312","192.168.1.99","192.168.1.25","TCP","195","1098  >  10001 [PSH, ACK] Seq=667 Ack=334 Win=508 Len=141"
"268","4.982933","192.168.1.18","192.168.1.255","NBNS","92","Name query NB DESKTOP-M96N2IQ<20>"
"269","4.983112","192.168.1.18","192.168.1.255","NBNS","92","Name query NB DESKTOP-M96N2IQ<20>"
"270","4.991253","192.168.1.18","224.0.0.251","MDNS","81","Standard query 0x0000 A DESKTOP-M96N2IQ.local, ""QM"" question"
"271","4.991598","fe80::a404:5dd7:957:e311","ff02::fb","MDNS","101","Standard query 0x0000 A DESKTOP-M96N2IQ.local, ""QM"" question"
"272","4.991821","192.168.1.25","192.168.1.99","TCP","54","10001  >  1098 [ACK] Seq=334 Ack=808 Win=4104 Len=0"
"273","4.992081","192.168.1.27","224.0.0.251","MDNS","91","Standard query response 0x0000 A 192.168.1.27"
"274","4.992307","192.168.1.18","224.0.0.251","MDNS","81","Standard query 0x0000 AAAA DESKTOP-M96N2IQ.local, ""QM"" question"
"275","4.992673","fe80::de0a:122b:d59a:bcc2","ff02::fb","MDNS","111","Standard query response 0x0000 A 192.168.1.27"
"276","4.993032","fe80::a404:5dd7:957:e311","ff02::fb","MDNS","101","Standard query 0x0000 AAAA DESKTOP-M96N2IQ.local, ""QM"" question"
"277","4.993197","192.168.1.27","224.0.0.251","MDNS","103","Standard query response 0x0000 AAAA fe80::de0a:122b:d59a:bcc2"
"278","4.993827","fe80::de0a:122b:d59a:bcc2","ff02::fb","MDNS","123","Standard query response 0x0000 AAAA fe80::de0a:122b:d59a:bcc2"
"279","4.994844","fe80::a404:5dd7:957:e311","ff02::1:3","LLMNR","95","Standard query 0xbb2f A DESKTOP-M96N2IQ"
"280","4.995037","192.168.1.18","224.0.0.252","LLMNR","75","Standard query 0xbb2f A DESKTOP-M96N2IQ"
"281","4.995636","fe80::a404:5dd7:957:e311","ff02::1:3","LLMNR","95","Standard query 0xf0a2 AAAA DESKTOP-M96N2IQ"
"282","4.995794","192.168.1.18","224.0.0.252","LLMNR","75","Standard query 0xf0a2 AAAA DESKTOP-M96N2IQ"
"283","4.998400","192.168.1.18","224.0.0.251","MDNS","81","Standard query 0x0000 A DESKTOP-M96N2IQ.local, ""QM"" question"
"284","4.999113","fe80::a404:5dd7:957:e311","ff02::fb","MDNS","101","Standard query 0x0000 A DESKTOP-M96N2IQ.local, ""QM"" question"
"285","4.999318","192.168.1.27","224.0.0.251","MDNS","91","Standard query response 0x0000 A 192.168.1.27"
"286","4.999845","fe80::de0a:122b:d59a:bcc2","ff02::fb","MDNS","111","Standard query response 0x0000 A 192.168.1.27"
"287","5.001879","192.168.1.18","224.0.0.251","MDNS","81","Standard query 0x0000 AAAA DESKTOP-M96N2IQ.local, ""QM"" question"
"288","5.002180","fe80::a404:5dd7:957:e311","ff02::fb","MDNS","101","Standard query 0x0000 AAAA DESKTOP-M96N2IQ.local, ""QM"" question"
"289","5.002783","192.168.1.27","224.0.0.251","MDNS","103","Standard query response 0x0000 AAAA fe80::de0a:122b:d59a:bcc2"
"290","5.003070","fe80::a404:5dd7:957:e311","ff02::1:3","LLMNR","95","Standard query 0xd6da A DESKTOP-M96N2IQ"
"291","5.003084","fe80::de0a:122b:d59a:bcc2","ff02::fb","MDNS","123","Standard query response 0x0000 AAAA fe80::de0a:122b:d59a:bcc2"
"292","5.004009","192.168.1.18","224.0.0.252","LLMNR","75","Standard query 0xd6da A DESKTOP-M96N2IQ"
"293","5.004615","fe80::a404:5dd7:957:e311","ff02::1:3","LLMNR","95","Standard query 0x3241 AAAA DESKTOP-M96N2IQ"
"294","5.004760","192.168.1.18","224.0.0.252","LLMNR","75","Standard query 0x3241 AAAA DESKTOP-M96N2IQ"
"295","5.007558","192.168.1.18","224.0.0.251","MDNS","81","Standard query 0x0000 A DESKTOP-M96N2IQ.local, ""QM"" question"
"296","5.007764","fe80::a404:5dd7:957:e311","ff02::fb","MDNS","101","Standard query 0x0000 A DESKTOP-M96N2IQ.local, ""QM"" question"
"297","5.008438","192.168.1.27","224.0.0.251","MDNS","91","Standard query response 0x0000 A 192.168.1.27"
"298","5.008459","192.168.1.18","224.0.0.251","MDNS","81","Standard query 0x0000 AAAA DESKTOP-M96N2IQ.local, ""QM"" question"
"299","5.008746","fe80::de0a:122b:d59a:bcc2","ff02::fb","MDNS","111","Standard query response 0x0000 A 192.168.1.27"
"300","5.008812","fe80::a404:5dd7:957:e311","ff02::fb","MDNS","101","Standard query 0x0000 AAAA DESKTOP-M96N2IQ.local, ""QM"" question"
"301","5.009184","192.168.1.27","224.0.0.251","MDNS","103","Standard query response 0x0000 AAAA fe80::de0a:122b:d59a:bcc2"
"302","5.009449","fe80::de0a:122b:d59a:bcc2","ff02::fb","MDNS","123","Standard query response 0x0000 AAAA fe80::de0a:122b:d59a:bcc2"
"303","5.009694","fe80::a404:5dd7:957:e311","ff02::1:3","LLMNR","95","Standard query 0xd854 A DESKTOP-M96N2IQ"
"304","5.009967","192.168.1.18","224.0.0.252","LLMNR","75","Standard query 0xd854 A DESKTOP-M96N2IQ"
"305","5.010511","fe80::a404:5dd7:957:e311","ff02::1:3","LLMNR","95","Standard query 0xec90 AAAA DESKTOP-M96N2IQ"
"306","5.010658","192.168.1.18","224.0.0.252","LLMNR","75","Standard query 0xec90 AAAA DESKTOP-M96N2IQ"
"307","5.012574","192.168.1.18","192.168.1.255","BROWSER","228","Request Announcement DESKTOP-QE2QU6Q"
"308","5.034738","192.168.1.27","192.168.1.255","BROWSER","243","Local Master Announcement DESKTOP-M96N2IQ, Workstation, Server, SQL Server, NT Workstation, Potential Browser, Master Browser"
"309","5.037342","192.168.1.18","192.168.1.255","BROWSER","228","Request Announcement DESKTOP-QE2QU6Q"
"310","5.060155","192.168.1.27","192.168.1.255","BROWSER","243","Local Master Announcement DESKTOP-M96N2IQ, Workstation, Server, SQL Server, NT Workstation, Potential Browser, Master Browser"
"311","5.097899","142.250.182.74","192.168.1.25","TLSv1.2","167","Application Data"
"312","5.097899","142.250.182.74","192.168.1.25","TLSv1.2","139","Application Data"
"313","5.097998","192.168.1.25","142.250.182.74","TCP","54","9579  >  443 [ACK] Seq=669 Ack=1446 Win=507 Len=0"
"314","5.098067","142.250.182.74","192.168.1.25","TLSv1.2","93","Application Data"
"315","5.098142","142.250.182.74","192.168.1.25","TLSv1.2","93","Application Data"
"316","5.098186","192.168.1.25","142.250.182.74","TCP","54","9579  >  443 [ACK] Seq=669 Ack=1524 Win=507 Len=0"
"317","5.098541","192.168.1.25","142.250.182.74","TLSv1.2","93","Application Data"
"318","5.098585","192.168.1.25","142.250.182.74","TLSv1.2","89","Application Data"
"319","5.108350","192.168.1.25","142.250.182.74","TLSv1.2","298","Application Data"
"320","5.136396","142.250.182.74","192.168.1.25","TCP","60","443  >  9579 [ACK] Seq=1524 Ack=708 Win=630 Len=0"
"321","5.136994","142.250.182.74","192.168.1.25","TCP","60","443  >  9579 [ACK] Seq=1524 Ack=743 Win=630 Len=0"
"322","5.144785","142.250.182.74","192.168.1.25","TCP","60","443  >  9579 [ACK] Seq=1524 Ack=987 Win=641 Len=0"
"323","5.341451","192.168.1.10","224.2.2.2","UDP","72","52161  >  8995 Len=30"
"324","5.342100","192.168.1.30","192.168.1.25","TCP","71","50085  >  10000 [PSH, ACK] Seq=791 Ack=334 Win=507 Len=17"
"325","5.342126","192.168.1.30","192.168.1.25","TCP","71","50089  >  10001 [PSH, ACK] Seq=757 Ack=317 Win=513 Len=17"
"326","5.349840","192.168.1.99","192.168.1.25","TCP","195","1081  >  10000 [PSH, ACK] Seq=774 Ack=334 Win=4104 Len=141"
"327","5.382864","192.168.1.25","192.168.1.30","TCP","54","10000  >  50085 [ACK] Seq=334 Ack=808 Win=507 Len=0"
"328","5.383015","192.168.1.25","192.168.1.30","TCP","54","10001  >  50089 [ACK] Seq=317 Ack=774 Win=508 Len=0"
"329","5.389869","192.168.1.25","192.168.1.99","TCP","54","10000  >  1081 [ACK] Seq=334 Ack=915 Win=4103 Len=0"
"330","5.449111","192.168.1.30","224.2.2.2","UDP","69","52882  >  8995 Len=27"
"331","5.451601","142.250.182.74","192.168.1.25","TLSv1.2","122","Application Data"
"332","5.451752","142.250.182.74","192.168.1.25","TLSv1.2","321","Application Data"
"333","5.451790","192.168.1.25","142.250.182.74","TCP","54","9579  >  443 [ACK] Seq=987 Ack=1859 Win=512 Len=0"
"334","5.467802","HewlettP_2e:03:0e","Broadcast","ARP","42","Who has 192.168.1.5? Tell 192.168.1.25"
"335","5.841881","192.168.1.30","192.168.1.25","TCP","195","50089  >  10001 [PSH, ACK] Seq=774 Ack=317 Win=513 Len=141"
"336","5.841881","192.168.1.30","192.168.1.25","TCP","195","50085  >  10000 [PSH, ACK] Seq=808 Ack=334 Win=507 Len=141"
"337","5.883099","192.168.1.25","192.168.1.30","TCP","54","10001  >  50089 [ACK] Seq=317 Ack=915 Win=507 Len=0"
"338","5.883099","192.168.1.25","192.168.1.30","TCP","54","10000  >  50085 [ACK] Seq=334 Ack=949 Win=513 Len=0"
"339","5.952219","192.168.1.99","192.168.1.25","TCP","195","1098  >  10001 [PSH, ACK] Seq=808 Ack=334 Win=508 Len=141"
"340","5.991826","192.168.1.25","192.168.1.99","TCP","54","10001  >  1098 [ACK] Seq=334 Ack=949 Win=4103 Len=0"
"341","6.337363","192.168.1.10","224.2.2.2","UDP","72","52161  >  8995 Len=30"
"342","6.342604","192.168.1.30","192.168.1.25","TCP","71","50089  >  10001 [PSH, ACK] Seq=915 Ack=317 Win=513 Len=17"
"343","6.348632","192.168.1.99","192.168.1.25","TCP","195","1081  >  10000 [PSH, ACK] Seq=915 Ack=334 Win=4104 Len=141"
"344","6.382679","192.168.1.25","192.168.1.30","TCP","54","10001  >  50089 [ACK] Seq=317 Ack=932 Win=507 Len=0"
"345","6.389235","192.168.1.25","192.168.1.99","TCP","54","10000  >  1081 [ACK] Seq=334 Ack=1056 Win=4102 Len=0"
"346","6.413559","192.168.1.25","192.168.1.30","TCP","71","10000  >  50085 [PSH, ACK] Seq=334 Ack=949 Win=513 Len=17"
"347","6.413692","192.168.1.25","192.168.1.30","TCP","71","10000  >  50085 [PSH, ACK] Seq=351 Ack=949 Win=513 Len=17"
"348","6.413741","192.168.1.25","192.168.1.30","TCP","71","10000  >  50085 [PSH, ACK] Seq=368 Ack=949 Win=513 Len=17"
"349","6.413835","192.168.1.25","192.168.1.99","TCP","71","10000  >  1081 [PSH, ACK] Seq=334 Ack=1056 Win=4102 Len=17"
"350","6.413949","192.168.1.25","192.168.1.30","TCP","71","10001  >  50089 [PSH, ACK] Seq=317 Ack=932 Win=507 Len=17"
"351","6.414031","192.168.1.25","192.168.1.30","TCP","71","10001  >  50089 [PSH, ACK] Seq=334 Ack=932 Win=507 Len=17"
"352","6.414074","192.168.1.25","192.168.1.30","TCP","71","10001  >  50089 [PSH, ACK] Seq=351 Ack=932 Win=507 Len=17"
"353","6.414207","192.168.1.25","192.168.1.99","TCP","71","10001  >  1098 [PSH, ACK] Seq=334 Ack=949 Win=4103 Len=17"
"354","6.414260","192.168.1.25","192.168.1.99","TCP","71","10001  >  1098 [PSH, ACK] Seq=351 Ack=949 Win=4103 Len=17"
"355","6.414341","192.168.1.25","192.168.1.99","TCP","71","10001  >  1098 [PSH, ACK] Seq=368 Ack=949 Win=4103 Len=17"
"356","6.414597","192.168.1.25","192.168.1.99","TCP","195","10000  >  1081 [PSH, ACK] Seq=351 Ack=1056 Win=4102 Len=141"
"357","6.414634","192.168.1.25","192.168.1.30","TCP","195","10000  >  50085 [PSH, ACK] Seq=385 Ack=949 Win=513 Len=141"
"358","6.414712","192.168.1.25","192.168.1.30","TCP","195","10001  >  50089 [PSH, ACK] Seq=368 Ack=932 Win=507 Len=141"
"359","6.414736","192.168.1.30","192.168.1.25","TCP","60","50089  >  10001 [ACK] Seq=932 Ack=368 Win=513 Len=0"
"360","6.414740","192.168.1.30","192.168.1.25","TCP","60","50085  >  10000 [ACK] Seq=949 Ack=385 Win=507 Len=0"
"361","6.414746","192.168.1.25","192.168.1.99","TCP","195","10001  >  1098 [PSH, ACK] Seq=385 Ack=949 Win=4103 Len=141"
"362","6.415045","192.168.1.99","192.168.1.25","TCP","60","1098  >  10001 [ACK] Seq=949 Ack=385 Win=508 Len=0"
"363","6.415488","192.168.1.30","192.168.1.25","TCP","60","50085  >  10000 [ACK] Seq=949 Ack=526 Win=513 Len=0"
"364","6.415488","192.168.1.99","192.168.1.25","TCP","60","1081  >  10000 [ACK] Seq=1056 Ack=492 Win=4104 Len=0"
"365","6.415488","192.168.1.99","192.168.1.25","TCP","60","1098  >  10001 [ACK] Seq=949 Ack=526 Win=507 Len=0"
"366","6.415517","192.168.1.30","192.168.1.25","TCP","60","50089  >  10001 [ACK] Seq=932 Ack=509 Win=512 Len=0"
"367","6.416624","192.168.1.25","192.168.1.30","TCP","71","10000  >  50085 [PSH, ACK] Seq=526 Ack=949 Win=513 Len=17"
"368","6.416650","192.168.1.25","192.168.1.99","TCP","71","10000  >  1081 [PSH, ACK] Seq=492 Ack=1056 Win=4102 Len=17"
"369","6.416670","192.168.1.25","192.168.1.30","TCP","71","10001  >  50089 [PSH, ACK] Seq=509 Ack=932 Win=507 Len=17"
"370","6.416701","192.168.1.25","192.168.1.99","TCP","71","10001  >  1098 [PSH, ACK] Seq=526 Ack=949 Win=4103 Len=17"
"371","6.448555","192.168.1.30","224.2.2.2","UDP","69","52882  >  8995 Len=27"
"372","6.459359","192.168.1.99","192.168.1.25","TCP","60","1098  >  10001 [ACK] Seq=949 Ack=543 Win=513 Len=0"
"373","6.459359","192.168.1.99","192.168.1.25","TCP","60","1081  >  10000 [ACK] Seq=1056 Ack=509 Win=4104 Len=0"
"374","6.467312","HewlettP_2e:03:0e","Broadcast","ARP","42","Who has 192.168.1.5? Tell 192.168.1.25"
"375","6.469404","192.168.1.30","192.168.1.25","TCP","60","50085  >  10000 [ACK] Seq=949 Ack=543 Win=513 Len=0"
"376","6.469407","192.168.1.30","192.168.1.25","TCP","60","50089  >  10001 [ACK] Seq=932 Ack=526 Win=512 Len=0"
"377","6.574224","192.168.1.25","52.85.234.10","TCP","55","9674  >  443 [ACK] Seq=1 Ack=1 Win=515 Len=1 [TCP segment of a reassembled PDU]"
"378","6.576230","52.85.234.10","192.168.1.25","TCP","66","443  >  9674 [ACK] Seq=1 Ack=2 Win=138 Len=0 SLE=1 SRE=2"
"379","6.841249","192.168.1.30","192.168.1.25","TCP","71","50085  >  10000 [PSH, ACK] Seq=949 Ack=543 Win=513 Len=17"
"380","6.841405","192.168.1.30","192.168.1.25","TCP","195","50085  >  10000 [PSH, ACK] Seq=966 Ack=543 Win=513 Len=141"
"381","6.841440","192.168.1.25","192.168.1.30","TCP","54","10000  >  50085 [ACK] Seq=543 Ack=1107 Win=512 Len=0"
"382","6.841442","192.168.1.30","192.168.1.25","TCP","195","50089  >  10001 [PSH, ACK] Seq=932 Ack=526 Win=512 Len=141"
"383","6.841478","192.168.1.25","192.168.1.30","TCP","71","10000  >  50085 [PSH, ACK] Seq=543 Ack=1107 Win=512 Len=17"
"384","6.849935","192.168.1.99","192.168.1.25","TCP","71","1081  >  10000 [PSH, ACK] Seq=1056 Ack=509 Win=4104 Len=17"
"385","6.850130","192.168.1.25","192.168.1.99","TCP","71","10000  >  1081 [PSH, ACK] Seq=509 Ack=1073 Win=4102 Len=17"
"386","6.881897","192.168.1.25","192.168.1.30","TCP","54","10001  >  50089 [ACK] Seq=526 Ack=1073 Win=513 Len=0"
"387","6.897226","192.168.1.30","192.168.1.25","TCP","60","50085  >  10000 [ACK] Seq=1107 Ack=560 Win=513 Len=0"
"388","6.900568","192.168.1.99","192.168.1.25","TCP","60","1081  >  10000 [ACK] Seq=1073 Ack=526 Win=4104 Len=0"
"389","6.952606","192.168.1.99","192.168.1.25","TCP","71","1098  >  10001 [PSH, ACK] Seq=949 Ack=543 Win=513 Len=17"
"390","6.952790","192.168.1.99","192.168.1.25","TCP","195","1098  >  10001 [PSH, ACK] Seq=966 Ack=543 Win=513 Len=141"
"391","6.952837","192.168.1.25","192.168.1.99","TCP","71","10001  >  1098 [PSH, ACK] Seq=543 Ack=966 Win=4103 Len=17"
"392","6.992830","192.168.1.25","192.168.1.99","TCP","54","10001  >  1098 [ACK] Seq=560 Ack=1107 Win=4103 Len=0"
"393","6.994219","192.168.1.99","192.168.1.25","TCP","60","1098  >  10001 [ACK] Seq=1107 Ack=560 Win=513 Len=0"
"394","7.255857","192.168.1.25","192.168.1.99","TCP","195","10000  >  1081 [PSH, ACK] Seq=526 Ack=1073 Win=4102 Len=141"
"395","7.255925","192.168.1.25","192.168.1.30","TCP","195","10000  >  50085 [PSH, ACK] Seq=560 Ack=1107 Win=512 Len=141"
"396","7.276667","192.168.1.25","172.217.167.170","TCP","55","9654  >  443 [ACK] Seq=1 Ack=1 Win=508 Len=1 [TCP segment of a reassembled PDU]"
"397","7.294718","192.168.1.25","192.168.1.30","TCP","195","10001  >  50089 [PSH, ACK] Seq=526 Ack=1073 Win=513 Len=141"
"398","7.294774","192.168.1.25","192.168.1.99","TCP","195","10001  >  1098 [PSH, ACK] Seq=560 Ack=1107 Win=4103 Len=141"
"399","7.304597","192.168.1.99","192.168.1.25","TCP","60","1081  >  10000 [ACK] Seq=1073 Ack=667 Win=4103 Len=0"
"400","7.309986","192.168.1.30","192.168.1.25","TCP","60","50085  >  10000 [ACK] Seq=1107 Ack=701 Win=512 Len=0"
"401","7.333967","172.217.167.170","192.168.1.25","TCP","66","443  >  9654 [ACK] Seq=1 Ack=2 Win=270 Len=0 SLE=1 SRE=2"
"402","7.335448","192.168.1.99","192.168.1.25","TCP","60","1098  >  10001 [ACK] Seq=1107 Ack=701 Win=512 Len=0"
"403","7.342042","192.168.1.30","192.168.1.25","TCP","60","50089  >  10001 [ACK] Seq=1073 Ack=667 Win=511 Len=0"
"404","7.343000","192.168.1.30","192.168.1.25","TCP","71","50089  >  10001 [PSH, ACK] Seq=1073 Ack=667 Win=511 Len=17"
"405","7.343124","192.168.1.25","192.168.1.30","TCP","71","10001  >  50089 [PSH, ACK] Seq=667 Ack=1090 Win=513 Len=17"
"406","7.345139","192.168.1.10","224.2.2.2","UDP","72","52161  >  8995 Len=30"
"407","7.348213","192.168.1.99","192.168.1.25","TCP","195","1081  >  10000 [PSH, ACK] Seq=1073 Ack=667 Win=4103 Len=141"
"408","7.388899","192.168.1.30","192.168.1.25","TCP","60","50089  >  10001 [ACK] Seq=1090 Ack=684 Win=511 Len=0"
"409","7.389336","192.168.1.25","192.168.1.99","TCP","54","10000  >  1081 [ACK] Seq=667 Ack=1214 Win=4102 Len=0"
"410","7.449920","192.168.1.30","224.2.2.2","UDP","69","52882  >  8995 Len=27"
"411","7.652302","00:ff:ff:cc:11:10","Broadcast","0xfffa","95","Ethernet II"
"412","7.666631","192.168.1.25","34.72.0.0","TCP","55","9586  >  443 [ACK] Seq=1 Ack=1 Win=510 Len=1 [TCP segment of a reassembled PDU]"
"413","7.756642","192.168.1.25","192.168.1.99","TCP","71","10000  >  1081 [PSH, ACK] Seq=667 Ack=1214 Win=4102 Len=17"
"414","7.756705","192.168.1.25","192.168.1.30","TCP","71","10000  >  50085 [PSH, ACK] Seq=701 Ack=1107 Win=512 Len=17"
"415","7.757891","192.168.1.99","192.168.1.25","TCP","71","1081  >  10000 [PSH, ACK] Seq=1214 Ack=684 Win=4103 Len=17"
"416","7.757891","192.168.1.30","192.168.1.25","TCP","71","50085  >  10000 [PSH, ACK] Seq=1107 Ack=718 Win=512 Len=17"
"417","7.799553","192.168.1.25","192.168.1.99","TCP","54","10000  >  1081 [ACK] Seq=684 Ack=1231 Win=4101 Len=0"
"418","7.799579","192.168.1.25","192.168.1.30","TCP","54","10000  >  50085 [ACK] Seq=718 Ack=1124 Win=512 Len=0"
"419","7.841791","192.168.1.30","192.168.1.25","TCP","195","50085  >  10000 [PSH, ACK] Seq=1124 Ack=718 Win=512 Len=141"
"420","7.841818","192.168.1.30","192.168.1.25","TCP","195","50089  >  10001 [PSH, ACK] Seq=1090 Ack=684 Win=511 Len=141"
"421","7.883508","192.168.1.25","192.168.1.30","TCP","54","10000  >  50085 [ACK] Seq=718 Ack=1265 Win=512 Len=0"
"422","7.883508","192.168.1.25","192.168.1.30","TCP","54","10001  >  50089 [ACK] Seq=684 Ack=1231 Win=512 Len=0"
"423","7.942942","34.72.0.0","192.168.1.25","TCP","66","443  >  9586 [ACK] Seq=1 Ack=2 Win=501 Len=0 SLE=1 SRE=2"
"424","7.952174","192.168.1.99","192.168.1.25","TCP","195","1098  >  10001 [PSH, ACK] Seq=1107 Ack=701 Win=512 Len=141"
"425","7.993409","192.168.1.25","192.168.1.99","TCP","54","10001  >  1098 [ACK] Seq=701 Ack=1248 Win=4102 Len=0"
"426","8.256144","192.168.1.25","192.168.1.99","TCP","195","10000  >  1081 [PSH, ACK] Seq=684 Ack=1231 Win=4101 Len=141"
"427","8.256213","192.168.1.25","192.168.1.30","TCP","195","10000  >  50085 [PSH, ACK] Seq=718 Ack=1265 Win=512 Len=141"
"428","8.295103","192.168.1.25","192.168.1.30","TCP","195","10001  >  50089 [PSH, ACK] Seq=684 Ack=1231 Win=512 Len=141"
"429","8.295174","192.168.1.25","192.168.1.99","TCP","195","10001  >  1098 [PSH, ACK] Seq=701 Ack=1248 Win=4102 Len=141"
"430","8.305381","192.168.1.30","192.168.1.25","TCP","60","50085  >  10000 [ACK] Seq=1265 Ack=859 Win=511 Len=0"
"431","8.311016","192.168.1.99","192.168.1.25","TCP","60","1081  >  10000 [ACK] Seq=1231 Ack=825 Win=4102 Len=0"
"432","8.336774","192.168.1.10","224.2.2.2","UDP","72","52161  >  8995 Len=30"
"433","8.337383","192.168.1.30","192.168.1.25","TCP","60","50089  >  10001 [ACK] Seq=1231 Ack=825 Win=511 Len=0"
"434","8.342438","192.168.1.30","192.168.1.25","TCP","71","50089  >  10001 [PSH, ACK] Seq=1231 Ack=825 Win=511 Len=17"
"435","8.342626","192.168.1.25","192.168.1.30","TCP","71","10001  >  50089 [PSH, ACK] Seq=825 Ack=1248 Win=512 Len=17"
"436","8.342988","192.168.1.99","192.168.1.25","TCP","60","1098  >  10001 [ACK] Seq=1248 Ack=842 Win=512 Len=0"
"437","8.349004","192.168.1.99","192.168.1.25","TCP","71","1081  >  10000 [PSH, ACK] Seq=1231 Ack=825 Win=4102 Len=17"
"438","8.349004","192.168.1.99","192.168.1.25","TCP","195","1081  >  10000 [PSH, ACK] Seq=1248 Ack=825 Win=4102 Len=141"
"439","8.349082","192.168.1.25","192.168.1.99","TCP","54","10000  >  1081 [ACK] Seq=825 Ack=1389 Win=4101 Len=0"
"440","8.349188","192.168.1.25","192.168.1.99","TCP","71","10000  >  1081 [PSH, ACK] Seq=825 Ack=1389 Win=4101 Len=17"
"441","8.390943","192.168.1.99","192.168.1.25","TCP","60","1081  >  10000 [ACK] Seq=1389 Ack=842 Win=4102 Len=0"
"442","8.399374","192.168.1.30","192.168.1.25","TCP","60","50089  >  10001 [ACK] Seq=1248 Ack=842 Win=511 Len=0"
"443","8.448440","192.168.1.30","224.2.2.2","UDP","69","52882  >  8995 Len=27"
"444","8.451937","192.168.1.99","192.168.1.25","TCP","71","1098  >  10001 [PSH, ACK] Seq=1248 Ack=842 Win=512 Len=17"
"445","8.452131","192.168.1.25","192.168.1.99","TCP","71","10001  >  1098 [PSH, ACK] Seq=842 Ack=1265 Win=4102 Len=17"
"446","8.500964","192.168.1.99","192.168.1.25","TCP","60","1098  >  10001 [ACK] Seq=1265 Ack=859 Win=512 Len=0"
"447","8.842156","192.168.1.30","192.168.1.25","TCP","195","50085  >  10000 [PSH, ACK] Seq=1265 Ack=859 Win=511 Len=141"
"448","8.842298","192.168.1.30","192.168.1.25","TCP","195","50089  >  10001 [PSH, ACK] Seq=1248 Ack=842 Win=511 Len=141"
"449","8.849140","192.168.1.99","192.168.1.25","TCP","71","1081  >  10000 [PSH, ACK] Seq=1389 Ack=842 Win=4102 Len=17"
"450","8.849228","192.168.1.25","192.168.1.99","TCP","71","10000  >  1081 [PSH, ACK] Seq=842 Ack=1406 Win=4101 Len=17"
"451","8.882436","192.168.1.25","192.168.1.30","TCP","54","10001  >  50089 [ACK] Seq=842 Ack=1389 Win=512 Len=0"
"452","8.882436","192.168.1.25","192.168.1.30","TCP","54","10000  >  50085 [ACK] Seq=859 Ack=1406 Win=511 Len=0"
"453","8.886518","HewlettP_2e:03:0e","Broadcast","ARP","42","Who has 192.168.1.5? Tell 192.168.1.25"
"454","8.895196","192.168.1.99","192.168.1.25","TCP","60","1081  >  10000 [ACK] Seq=1406 Ack=859 Win=4102 Len=0"
"455","8.951610","192.168.1.99","192.168.1.25","TCP","195","1098  >  10001 [PSH, ACK] Seq=1265 Ack=859 Win=512 Len=141"
"456","8.991614","192.168.1.25","192.168.1.99","TCP","54","10001  >  1098 [ACK] Seq=859 Ack=1406 Win=4102 Len=0"
"457","9.256055","192.168.1.25","192.168.1.30","TCP","71","10000  >  50085 [PSH, ACK] Seq=859 Ack=1406 Win=511 Len=17"
"458","9.256233","192.168.1.25","192.168.1.99","TCP","195","10000  >  1081 [PSH, ACK] Seq=859 Ack=1406 Win=4101 Len=141"
"459","9.256283","192.168.1.25","192.168.1.30","TCP","195","10000  >  50085 [PSH, ACK] Seq=876 Ack=1406 Win=511 Len=141"
"460","9.257315","192.168.1.30","192.168.1.25","TCP","60","50085  >  10000 [ACK] Seq=1406 Ack=1017 Win=511 Len=0"
"461","9.257315","192.168.1.30","192.168.1.25","TCP","71","50085  >  10000 [PSH, ACK] Seq=1406 Ack=1017 Win=511 Len=17"
"462","9.295064","192.168.1.25","192.168.1.30","TCP","71","10001  >  50089 [PSH, ACK] Seq=842 Ack=1389 Win=512 Len=17"
"463","9.295119","192.168.1.25","192.168.1.99","TCP","71","10001  >  1098 [PSH, ACK] Seq=859 Ack=1406 Win=4102 Len=17"
"464","9.295185","192.168.1.25","192.168.1.30","TCP","195","10001  >  50089 [PSH, ACK] Seq=859 Ack=1389 Win=512 Len=141"
"465","9.295238","192.168.1.25","192.168.1.99","TCP","195","10001  >  1098 [PSH, ACK] Seq=876 Ack=1406 Win=4102 Len=141"
"466","9.296086","192.168.1.30","192.168.1.25","TCP","60","50089  >  10001 [ACK] Seq=1389 Ack=1000 Win=510 Len=0"
"467","9.296086","192.168.1.30","192.168.1.25","TCP","71","50089  >  10001 [PSH, ACK] Seq=1389 Ack=1000 Win=510 Len=17"
"468","9.296255","192.168.1.99","192.168.1.25","TCP","60","1098  >  10001 [ACK] Seq=1406 Ack=1017 Win=511 Len=0"
"469","9.296333","192.168.1.99","192.168.1.25","TCP","71","1098  >  10001 [PSH, ACK] Seq=1406 Ack=1017 Win=511 Len=17"
"470","9.297986","192.168.1.25","192.168.1.30","TCP","54","10000  >  50085 [ACK] Seq=1017 Ack=1423 Win=511 Len=0"
"471","9.300958","192.168.1.99","192.168.1.25","TCP","60","1081  >  10000 [ACK] Seq=1406 Ack=1000 Win=4102 Len=0"
"472","9.336966","192.168.1.25","192.168.1.30","TCP","54","10001  >  50089 [ACK] Seq=1000 Ack=1406 Win=511 Len=0"
"473","9.336967","192.168.1.25","192.168.1.99","TCP","54","10001  >  1098 [ACK] Seq=1017 Ack=1423 Win=4102 Len=0"
"474","9.343699","192.168.1.10","224.2.2.2","UDP","72","52161  >  8995 Len=30"
"475","9.349973","192.168.1.99","192.168.1.25","TCP","195","1081  >  10000 [PSH, ACK] Seq=1406 Ack=1000 Win=4102 Len=141"
"476","9.390928","192.168.1.25","192.168.1.99","TCP","54","10000  >  1081 [ACK] Seq=1000 Ack=1547 Win=4100 Len=0"
"477","9.448841","192.168.1.30","224.2.2.2","UDP","69","52882  >  8995 Len=27"
"478","9.467824","HewlettP_2e:03:0e","Broadcast","ARP","42","Who has 192.168.1.5? Tell 192.168.1.25"
"479","9.795938","192.168.1.25","192.168.1.30","TCP","71","10001  >  50089 [PSH, ACK] Seq=1000 Ack=1406 Win=511 Len=17"
"480","9.795993","192.168.1.25","192.168.1.99","TCP","71","10001  >  1098 [PSH, ACK] Seq=1017 Ack=1423 Win=4102 Len=17"
"481","9.797190","192.168.1.30","192.168.1.25","TCP","71","50089  >  10001 [PSH, ACK] Seq=1406 Ack=1017 Win=510 Len=17"
"482","9.797345","192.168.1.99","192.168.1.25","TCP","71","1098  >  10001 [PSH, ACK] Seq=1423 Ack=1034 Win=511 Len=17"
"483","9.837869","192.168.1.25","192.168.1.99","TCP","54","10001  >  1098 [ACK] Seq=1034 Ack=1440 Win=4101 Len=0"
"484","9.837869","192.168.1.25","192.168.1.30","TCP","54","10001  >  50089 [ACK] Seq=1017 Ack=1423 Win=511 Len=0"
"485","9.841541","192.168.1.30","192.168.1.25","TCP","71","50085  >  10000 [PSH, ACK] Seq=1423 Ack=1017 Win=511 Len=17"
"486","9.841541","192.168.1.30","192.168.1.25","TCP","195","50085  >  10000 [PSH, ACK] Seq=1440 Ack=1017 Win=511 Len=141"
"487","9.841556","192.168.1.30","192.168.1.25","TCP","195","50089  >  10001 [PSH, ACK] Seq=1423 Ack=1017 Win=510 Len=141"
"488","9.841623","192.168.1.25","192.168.1.30","TCP","54","10000  >  50085 [ACK] Seq=1017 Ack=1581 Win=510 Len=0"
"489","9.841740","192.168.1.25","192.168.1.30","TCP","71","10000  >  50085 [PSH, ACK] Seq=1017 Ack=1581 Win=510 Len=17"
"490","9.881008","192.168.1.25","192.168.1.30","TCP","54","10001  >  50089 [ACK] Seq=1017 Ack=1564 Win=511 Len=0"
"491","9.892471","192.168.1.30","192.168.1.25","TCP","60","50085  >  10000 [ACK] Seq=1581 Ack=1034 Win=511 Len=0"
"492","9.952882","192.168.1.99","192.168.1.25","TCP","195","1098  >  10001 [PSH, ACK] Seq=1440 Ack=1034 Win=511 Len=141"
"493","9.994006","192.168.1.25","192.168.1.99","TCP","54","10001  >  1098 [ACK] Seq=1034 Ack=1581 Win=4101 Len=0"
"494","10.257156","192.168.1.25","192.168.1.99","TCP","71","10000  >  1081 [PSH, ACK] Seq=1000 Ack=1547 Win=4100 Len=17"
"495","10.257237","192.168.1.25","192.168.1.99","TCP","195","10000  >  1081 [PSH, ACK] Seq=1017 Ack=1547 Win=4100 Len=141"
"496","10.257290","192.168.1.25","192.168.1.30","TCP","195","10000  >  50085 [PSH, ACK] Seq=1034 Ack=1581 Win=510 Len=141"
"497","10.258397","192.168.1.99","192.168.1.25","TCP","60","1081  >  10000 [ACK] Seq=1547 Ack=1158 Win=4101 Len=0"
"498","10.258397","192.168.1.99","192.168.1.25","TCP","71","1081  >  10000 [PSH, ACK] Seq=1547 Ack=1158 Win=4101 Len=17"
"499","10.296062","192.168.1.25","192.168.1.30","TCP","195","10001  >  50089 [PSH, ACK] Seq=1017 Ack=1564 Win=511 Len=141"
"500","10.296134","192.168.1.25","192.168.1.99","TCP","195","10001  >  1098 [PSH, ACK] Seq=1034 Ack=1581 Win=4101 Len=141"
"501","10.298955","192.168.1.25","192.168.1.99","TCP","54","10000  >  1081 [ACK] Seq=1158 Ack=1564 Win=4100 Len=0"
"502","10.304352","192.168.1.30","192.168.1.25","TCP","60","50085  >  10000 [ACK] Seq=1581 Ack=1175 Win=510 Len=0"
"503","10.337910","192.168.1.99","192.168.1.25","TCP","60","1098  >  10001 [ACK] Seq=1581 Ack=1175 Win=510 Len=0"
"504","10.343230","192.168.1.30","192.168.1.25","TCP","71","50089  >  10001 [PSH, ACK] Seq=1564 Ack=1158 Win=509 Len=17"
"505","10.343424","192.168.1.25","192.168.1.30","TCP","71","10001  >  50089 [PSH, ACK] Seq=1158 Ack=1581 Win=511 Len=17"
"506","10.345859","192.168.1.10","224.2.2.2","UDP","72","52161  >  8995 Len=30"
"507","10.348643","192.168.1.99","192.168.1.25","TCP","195","1081  >  10000 [PSH, ACK] Seq=1564 Ack=1158 Win=4101 Len=141"
"508","10.389935","192.168.1.25","192.168.1.99","TCP","54","10000  >  1081 [ACK] Seq=1158 Ack=1705 Win=4106 Len=0"
"509","10.399118","192.168.1.30","192.168.1.25","TCP","60","50089  >  10001 [ACK] Seq=1581 Ack=1175 Win=509 Len=0"
"510","10.448158","192.168.1.30","224.2.2.2","UDP","69","52882  >  8995 Len=27"
"511","10.467768","HewlettP_2e:03:0e","Broadcast","ARP","42","Who has 192.168.1.5? Tell 192.168.1.25"
"512","10.840955","192.168.1.30","192.168.1.25","TCP","195","50085  >  10000 [PSH, ACK] Seq=1581 Ack=1175 Win=510 Len=141"
"513","10.842972","192.168.1.30","192.168.1.25","TCP","195","50089  >  10001 [PSH, ACK] Seq=1581 Ack=1175 Win=509 Len=141"
"514","10.849502","192.168.1.99","192.168.1.25","TCP","71","1081  >  10000 [PSH, ACK] Seq=1705 Ack=1158 Win=4101 Len=17"
"515","10.849695","192.168.1.25","192.168.1.99","TCP","71","10000  >  1081 [PSH, ACK] Seq=1158 Ack=1722 Win=4106 Len=17"
"516","10.881927","192.168.1.25","192.168.1.30","TCP","54","10000  >  50085 [ACK] Seq=1175 Ack=1722 Win=510 Len=0"
"517","10.883929","192.168.1.25","192.168.1.30","TCP","54","10001  >  50089 [ACK] Seq=1175 Ack=1722 Win=510 Len=0"
"518","10.897544","192.168.1.99","192.168.1.25","TCP","60","1081  >  10000 [ACK] Seq=1722 Ack=1175 Win=4101 Len=0"
"519","10.945290","HewlettP_50:d9:93","LLDP_Multicast","LLDP","189","LA/administrator LA/port-001 20 SysN=ADMINISTRATOR SysD=Hewlett-Packard HP EliteDesk 800 G1 SFF,MXL6110FMT,C8N26AV + HMI RTClass3 Port Status = OFF"
"520","10.951587","192.168.1.99","192.168.1.25","TCP","195","1098  >  10001 [PSH, ACK] Seq=1581 Ack=1175 Win=510 Len=141"
"521","10.991869","192.168.1.25","192.168.1.99","TCP","54","10001  >  1098 [ACK] Seq=1175 Ack=1722 Win=4100 Len=0"
"522","11.256249","192.168.1.25","192.168.1.30","TCP","71","10000  >  50085 [PSH, ACK] Seq=1175 Ack=1722 Win=510 Len=17"
"523","11.256334","192.168.1.25","192.168.1.99","TCP","195","10000  >  1081 [PSH, ACK] Seq=1175 Ack=1722 Win=4106 Len=141"
"524","11.256372","192.168.1.25","192.168.1.30","TCP","195","10000  >  50085 [PSH, ACK] Seq=1192 Ack=1722 Win=510 Len=141"
"525","11.257325","192.168.1.30","192.168.1.25","TCP","60","50085  >  10000 [ACK] Seq=1722 Ack=1333 Win=510 Len=0"
"526","11.257325","192.168.1.30","192.168.1.25","TCP","71","50085  >  10000 [PSH, ACK] Seq=1722 Ack=1333 Win=510 Len=17"
"527","11.296279","192.168.1.25","192.168.1.30","TCP","71","10001  >  50089 [PSH, ACK] Seq=1175 Ack=1722 Win=510 Len=17"
"528","11.296325","192.168.1.25","192.168.1.99","TCP","71","10001  >  1098 [PSH, ACK] Seq=1175 Ack=1722 Win=4100 Len=17"
"529","11.296377","192.168.1.25","192.168.1.30","TCP","195","10001  >  50089 [PSH, ACK] Seq=1192 Ack=1722 Win=510 Len=141"
"530","11.296416","192.168.1.25","192.168.1.99","TCP","195","10001  >  1098 [PSH, ACK] Seq=1192 Ack=1722 Win=4100 Len=141"
"531","11.297318","192.168.1.99","192.168.1.25","TCP","60","1098  >  10001 [ACK] Seq=1722 Ack=1333 Win=510 Len=0"
"532","11.297402","192.168.1.99","192.168.1.25","TCP","71","1098  >  10001 [PSH, ACK] Seq=1722 Ack=1333 Win=510 Len=17"
"533","11.297469","192.168.1.30","192.168.1.25","TCP","60","50089  >  10001 [ACK] Seq=1722 Ack=1333 Win=509 Len=0"
"534","11.297469","192.168.1.30","192.168.1.25","TCP","71","50089  >  10001 [PSH, ACK] Seq=1722 Ack=1333 Win=509 Len=17"
"535","11.298190","192.168.1.25","192.168.1.30","TCP","54","10000  >  50085 [ACK] Seq=1333 Ack=1739 Win=510 Len=0"
"536","11.298689","HewlettP_14:15:62","LLDP_Multicast","LLDP","60","MA/a0:d3:c1:14:15:62 MA/a0:d3:c1:14:15:62 3601 "
"537","11.306027","192.168.1.99","192.168.1.25","TCP","60","1081  >  10000 [ACK] Seq=1722 Ack=1316 Win=4101 Len=0"
"538","11.338172","192.168.1.25","192.168.1.30","TCP","54","10001  >  50089 [ACK] Seq=1333 Ack=1739 Win=510 Len=0"
"539","11.338173","192.168.1.25","192.168.1.99","TCP","54","10001  >  1098 [ACK] Seq=1333 Ack=1739 Win=4100 Len=0"
"540","11.341704","192.168.1.10","224.2.2.2","UDP","72","52161  >  8995 Len=30"
"541","11.348288","192.168.1.99","192.168.1.25","TCP","195","1081  >  10000 [PSH, ACK] Seq=1722 Ack=1316 Win=4101 Len=141"
"542","11.389139","192.168.1.25","192.168.1.99","TCP","54","10000  >  1081 [ACK] Seq=1316 Ack=1863 Win=4105 Len=0"
"543","11.448690","192.168.1.30","224.2.2.2","UDP","69","52882  >  8995 Len=27"
"544","11.842338","192.168.1.30","192.168.1.25","TCP","71","50085  >  10000 [PSH, ACK] Seq=1739 Ack=1333 Win=510 Len=17"
"545","11.842398","192.168.1.30","192.168.1.25","TCP","195","50089  >  10001 [PSH, ACK] Seq=1739 Ack=1333 Win=509 Len=141"
"546","11.842444","192.168.1.30","192.168.1.25","TCP","195","50085  >  10000 [PSH, ACK] Seq=1756 Ack=1333 Win=510 Len=141"
"547","11.842474","192.168.1.25","192.168.1.30","TCP","54","10000  >  50085 [ACK] Seq=1333 Ack=1897 Win=509 Len=0"
"548","11.842496","192.168.1.25","192.168.1.30","TCP","71","10000  >  50085 [PSH, ACK] Seq=1333 Ack=1897 Win=509 Len=17"
"549","11.849539","192.168.1.99","192.168.1.25","TCP","71","1081  >  10000 [PSH, ACK] Seq=1863 Ack=1316 Win=4101 Len=17"
"550","11.849596","192.168.1.25","192.168.1.99","TCP","71","10000  >  1081 [PSH, ACK] Seq=1316 Ack=1880 Win=4105 Len=17"
"551","11.884588","192.168.1.25","192.168.1.30","TCP","54","10001  >  50089 [ACK] Seq=1333 Ack=1880 Win=510 Len=0"
"552","11.889203","192.168.1.30","192.168.1.25","TCP","60","50085  >  10000 [ACK] Seq=1897 Ack=1350 Win=510 Len=0"
"553","11.898633","192.168.1.99","192.168.1.25","TCP","60","1081  >  10000 [ACK] Seq=1880 Ack=1333 Win=4100 Len=0"
"554","11.951654","192.168.1.99","192.168.1.25","TCP","71","1098  >  10001 [PSH, ACK] Seq=1739 Ack=1333 Win=510 Len=17"
"555","11.951654","192.168.1.99","192.168.1.25","TCP","195","1098  >  10001 [PSH, ACK] Seq=1756 Ack=1333 Win=510 Len=141"
"556","11.951734","192.168.1.25","192.168.1.99","TCP","54","10001  >  1098 [ACK] Seq=1333 Ack=1897 Win=4106 Len=0"
"557","11.951865","192.168.1.25","192.168.1.99","TCP","71","10001  >  1098 [PSH, ACK] Seq=1333 Ack=1897 Win=4106 Len=17"
"558","12.007588","192.168.1.99","192.168.1.25","TCP","60","1098  >  10001 [ACK] Seq=1897 Ack=1350 Win=510 Len=0"
"559","12.155624","HewlettP_2e:03:0e","Broadcast","ARP","42","Who has 192.168.1.5? Tell 192.168.1.25"
"560","12.156645","192.168.1.25","192.168.1.1","DNS","84","Standard query 0x39a9 PTR 5.1.168.192.in-addr.arpa"
"561","12.174479","192.168.1.1","192.168.1.25","DNS","154","Standard query response 0x39a9 No such name PTR 5.1.168.192.in-addr.arpa SOA localhost"
"562","12.175872","fe80::94aa:da65:b1b2:d050","ff02::1:3","LLMNR","104","Standard query 0x3b19 PTR 5.1.168.192.in-addr.arpa"
"563","12.176137","192.168.1.25","224.0.0.252","LLMNR","84","Standard query 0x3b19 PTR 5.1.168.192.in-addr.arpa"
"564","12.336505","192.168.1.10","224.2.2.2","UDP","72","52161  >  8995 Len=30"
"565","12.348525","192.168.1.99","192.168.1.25","TCP","195","1081  >  10000 [PSH, ACK] Seq=1880 Ack=1333 Win=4100 Len=141"
"566","12.363045","192.168.1.25","216.239.36.178","TCP","55","9573  >  443 [ACK] Seq=1 Ack=1 Win=507 Len=1 [TCP segment of a reassembled PDU]"
"567","12.388065","192.168.1.25","192.168.1.99","TCP","54","10000  >  1081 [ACK] Seq=1333 Ack=2021 Win=4105 Len=0"
"568","12.397129","216.239.36.178","192.168.1.25","TCP","66","443  >  9573 [ACK] Seq=1 Ack=2 Win=339 Len=0 SLE=1 SRE=2"
"569","12.449108","192.168.1.30","224.2.2.2","UDP","69","52882  >  8995 Len=27"
"570","12.453103","192.168.1.99","192.168.1.25","TCP","71","1098  >  10001 [PSH, ACK] Seq=1897 Ack=1350 Win=510 Len=17"
"571","12.493734","192.168.1.25","192.168.1.99","TCP","54","10001  >  1098 [ACK] Seq=1350 Ack=1914 Win=4106 Len=0"
"572","12.587226","fe80::94aa:da65:b1b2:d050","ff02::1:3","LLMNR","104","Standard query 0x3b19 PTR 5.1.168.192.in-addr.arpa"
"573","12.587384","192.168.1.25","224.0.0.252","LLMNR","84","Standard query 0x3b19 PTR 5.1.168.192.in-addr.arpa"
"574","12.662338","00:ff:ff:cc:11:10","Broadcast","0xfffa","95","Ethernet II"
"575","12.730551","142.250.205.225","192.168.1.25","TLSv1.2","127","Application Data"
"576","12.730979","192.168.1.25","142.250.205.225","TCP","54","9526  >  443 [FIN, ACK] Seq=1 Ack=74 Win=508 Len=0"
"577","12.735696","142.250.205.238","192.168.1.25","TLSv1.2","127","Application Data"
"578","12.736077","192.168.1.25","142.250.205.238","TCP","54","9519  >  443 [FIN, ACK] Seq=1 Ack=74 Win=512 Len=0"
"579","12.763660","142.250.205.225","192.168.1.25","TCP","60","443  >  9526 [FIN, ACK] Seq=74 Ack=2 Win=265 Len=0"
"580","12.763734","192.168.1.25","142.250.205.225","TCP","54","9526  >  443 [ACK] Seq=2 Ack=75 Win=508 Len=0"
"581","12.775400","142.250.205.238","192.168.1.25","TCP","60","443  >  9519 [FIN, ACK] Seq=74 Ack=2 Win=265 Len=0"
"582","12.775474","192.168.1.25","142.250.205.238","TCP","54","9519  >  443 [ACK] Seq=2 Ack=75 Win=512 Len=0"
"583","12.840828","192.168.1.30","192.168.1.25","TCP","195","50085  >  10000 [PSH, ACK] Seq=1897 Ack=1350 Win=510 Len=141"
"584","12.842838","192.168.1.30","192.168.1.25","TCP","195","50089  >  10001 [PSH, ACK] Seq=1880 Ack=1333 Win=509 Len=141"
"585","12.880978","192.168.1.25","192.168.1.30","TCP","54","10000  >  50085 [ACK] Seq=1350 Ack=2038 Win=509 Len=0"
"586","12.883081","192.168.1.25","192.168.1.30","TCP","54","10001  >  50089 [ACK] Seq=1333 Ack=2021 Win=509 Len=0"
"587","12.951981","192.168.1.99","192.168.1.25","TCP","195","1098  >  10001 [PSH, ACK] Seq=1914 Ack=1350 Win=510 Len=141"
"588","12.967263","HewlettP_2e:03:0e","Broadcast","ARP","42","Who has 192.168.1.5? Tell 192.168.1.25"
"589","12.992585","192.168.1.25","192.168.1.99","TCP","54","10001  >  1098 [ACK] Seq=1350 Ack=2055 Win=4105 Len=0"
"590","13.335297","192.168.1.10","224.2.2.2","UDP","72","52161  >  8995 Len=30"
"591","13.341461","192.168.1.30","192.168.1.25","TCP","71","50085  >  10000 [PSH, ACK] Seq=2038 Ack=1350 Win=510 Len=17"
"592","13.349545","192.168.1.99","192.168.1.25","TCP","71","1081  >  10000 [PSH, ACK] Seq=2021 Ack=1333 Win=4100 Len=17"
"593","13.349631","192.168.1.99","192.168.1.25","TCP","195","1081  >  10000 [PSH, ACK] Seq=2038 Ack=1333 Win=4100 Len=141"
"594","13.349661","192.168.1.25","192.168.1.99","TCP","54","10000  >  1081 [ACK] Seq=1333 Ack=2179 Win=4104 Len=0"
"595","13.381647","192.168.1.25","192.168.1.30","TCP","54","10000  >  50085 [ACK] Seq=1350 Ack=2055 Win=508 Len=0"
"596","13.448452","192.168.1.30","224.2.2.2","UDP","69","52882  >  8995 Len=27"
"597","13.452352","192.168.1.99","192.168.1.25","TCP","71","1098  >  10001 [PSH, ACK] Seq=2055 Ack=1350 Win=510 Len=17"
"598","13.491826","192.168.1.25","192.168.1.99","TCP","54","10001  >  1098 [ACK] Seq=1350 Ack=2072 Win=4105 Len=0"
"599","13.841264","192.168.1.30","192.168.1.25","TCP","195","50085  >  10000 [PSH, ACK] Seq=2055 Ack=1350 Win=510 Len=141"
"600","13.841293","192.168.1.30","192.168.1.25","TCP","71","50089  >  10001 [PSH, ACK] Seq=2021 Ack=1333 Win=509 Len=17"
"601","13.841293","192.168.1.30","192.168.1.25","TCP","195","50089  >  10001 [PSH, ACK] Seq=2038 Ack=1333 Win=509 Len=141"
"602","13.841360","192.168.1.25","192.168.1.30","TCP","54","10001  >  50089 [ACK] Seq=1333 Ack=2179 Win=508 Len=0"
"603","13.881715","192.168.1.25","192.168.1.30","TCP","54","10000  >  50085 [ACK] Seq=1350 Ack=2196 Win=508 Len=0"
"604","13.952574","192.168.1.99","192.168.1.25","TCP","195","1098  >  10001 [PSH, ACK] Seq=2072 Ack=1350 Win=510 Len=141"
"605","13.967261","HewlettP_2e:03:0e","Broadcast","ARP","42","Who has 192.168.1.5? Tell 192.168.1.25"
"606","13.992925","192.168.1.25","192.168.1.99","TCP","54","10001  >  1098 [ACK] Seq=1350 Ack=2213 Win=4105 Len=0"
"607","14.331965","192.168.1.10","224.2.2.2","UDP","72","52161  >  8995 Len=30"
"608","14.342921","192.168.1.30","192.168.1.25","TCP","71","50089  >  10001 [PSH, ACK] Seq=2179 Ack=1333 Win=509 Len=17"
"609","14.348734","192.168.1.99","192.168.1.25","TCP","195","1081  >  10000 [PSH, ACK] Seq=2179 Ack=1333 Win=4100 Len=141"
"610","14.384116","192.168.1.25","192.168.1.30","TCP","54","10001  >  50089 [ACK] Seq=1333 Ack=2196 Win=508 Len=0"
"611","14.388919","192.168.1.25","192.168.1.99","TCP","54","10000  >  1081 [ACK] Seq=1333 Ack=2320 Win=4103 Len=0"
"612","14.448892","192.168.1.30","224.2.2.2","UDP","69","52882  >  8995 Len=27"
"613","14.840691","192.168.1.30","192.168.1.25","TCP","195","50085  >  10000 [PSH, ACK] Seq=2196 Ack=1350 Win=510 Len=141"
"614","14.842596","192.168.1.30","192.168.1.25","TCP","195","50089  >  10001 [PSH, ACK] Seq=2196 Ack=1333 Win=509 Len=141"
"615","14.849169","192.168.1.99","192.168.1.25","TCP","71","1081  >  10000 [PSH, ACK] Seq=2320 Ack=1333 Win=4100 Len=17"
"616","14.881548","192.168.1.25","192.168.1.30","TCP","54","10000  >  50085 [ACK] Seq=1350 Ack=2337 Win=507 Len=0"
"617","14.882542","192.168.1.25","192.168.1.30","TCP","54","10001  >  50089 [ACK] Seq=1333 Ack=2337 Win=508 Len=0"
"618","14.889574","192.168.1.25","192.168.1.99","TCP","54","10000  >  1081 [ACK] Seq=1333 Ack=2337 Win=4103 Len=0"
"619","14.951718","192.168.1.99","192.168.1.25","TCP","71","1098  >  10001 [PSH, ACK] Seq=2213 Ack=1350 Win=510 Len=17"
"620","14.951769","192.168.1.99","192.168.1.25","TCP","195","1098  >  10001 [PSH, ACK] Seq=2230 Ack=1350 Win=510 Len=141"
"621","14.951797","192.168.1.25","192.168.1.99","TCP","54","10001  >  1098 [ACK] Seq=1350 Ack=2371 Win=4104 Len=0"
"622","15.155968","HewlettP_2e:03:0e","Broadcast","ARP","42","Who has 192.168.1.5? Tell 192.168.1.25"
"623","15.338524","192.168.1.10","224.2.2.2","UDP","72","52161  >  8995 Len=30"
"624","15.341193","192.168.1.30","192.168.1.25","TCP","71","50085  >  10000 [PSH, ACK] Seq=2337 Ack=1350 Win=510 Len=17"
"625","15.348905","192.168.1.99","192.168.1.25","TCP","195","1081  >  10000 [PSH, ACK] Seq=2337 Ack=1333 Win=4100 Len=141"
"626","15.381049","192.168.1.25","192.168.1.30","TCP","54","10000  >  50085 [ACK] Seq=1350 Ack=2354 Win=507 Len=0"
"627","15.389036","192.168.1.25","192.168.1.99","TCP","54","10000  >  1081 [ACK] Seq=1333 Ack=2478 Win=4103 Len=0"
"628","15.448228","192.168.1.30","224.2.2.2","UDP","69","52882  >  8995 Len=27"
"629","15.841045","192.168.1.30","192.168.1.25","TCP","195","50085  >  10000 [PSH, ACK] Seq=2354 Ack=1350 Win=510 Len=141"
"630","15.842970","192.168.1.30","192.168.1.25","TCP","195","50089  >  10001 [PSH, ACK] Seq=2337 Ack=1333 Win=509 Len=141"
"631","15.849022","192.168.1.99","192.168.1.25","TCP","71","1081  >  10000 [PSH, ACK] Seq=2478 Ack=1333 Win=4100 Len=17"
"632","15.881677","192.168.1.25","192.168.1.30","TCP","54","10000  >  50085 [ACK] Seq=1350 Ack=2495 Win=513 Len=0"
"633","15.883706","192.168.1.25","192.168.1.30","TCP","54","10001  >  50089 [ACK] Seq=1333 Ack=2478 Win=507 Len=0"
"634","15.888697","192.168.1.25","192.168.1.99","TCP","54","10000  >  1081 [ACK] Seq=1333 Ack=2495 Win=4103 Len=0"
"635","15.952387","192.168.1.99","192.168.1.25","TCP","195","1098  >  10001 [PSH, ACK] Seq=2371 Ack=1350 Win=510 Len=141"
"636","15.967264","HewlettP_2e:03:0e","Broadcast","ARP","42","Who has 192.168.1.5? Tell 192.168.1.25"
"637","15.992148","192.168.1.25","192.168.1.99","TCP","54","10001  >  1098 [ACK] Seq=1350 Ack=2512 Win=4103 Len=0"
"638","16.262920","192.168.1.10","239.255.255.250","SSDP","216","M-SEARCH * HTTP/1.1 "
"639","16.306830","142.250.183.206","192.168.1.25","TLSv1.2","127","Application Data"
"640","16.307402","192.168.1.25","142.250.183.206","TCP","54","9521  >  443 [FIN, ACK] Seq=2 Ack=74 Win=510 Len=0"
"641","16.336074","192.168.1.10","224.2.2.2","UDP","72","52161  >  8995 Len=30"
"642","16.348736","192.168.1.99","192.168.1.25","TCP","195","1081  >  10000 [PSH, ACK] Seq=2495 Ack=1333 Win=4100 Len=141"
"643","16.370993","142.250.183.206","192.168.1.25","TCP","60","443  >  9521 [FIN, ACK] Seq=74 Ack=3 Win=294 Len=0"
"644","16.371073","192.168.1.25","142.250.183.206","TCP","54","9521  >  443 [ACK] Seq=3 Ack=75 Win=510 Len=0"
"645","16.389876","192.168.1.25","192.168.1.99","TCP","54","10000  >  1081 [ACK] Seq=1333 Ack=2636 Win=4102 Len=0"
"646","16.449696","192.168.1.30","224.2.2.2","UDP","69","52882  >  8995 Len=27"
"647","16.452563","192.168.1.99","192.168.1.25","TCP","71","1098  >  10001 [PSH, ACK] Seq=2512 Ack=1350 Win=510 Len=17"
"648","16.493019","192.168.1.25","192.168.1.99","TCP","54","10001  >  1098 [ACK] Seq=1350 Ack=2529 Win=4103 Len=0"
"649","16.712928","192.168.1.25","172.217.163.170","TCP","55","9575  >  443 [ACK] Seq=1 Ack=1 Win=512 Len=1 [TCP segment of a reassembled PDU]"
"650","16.749365","172.217.163.170","192.168.1.25","TCP","66","443  >  9575 [ACK] Seq=1 Ack=2 Win=355 Len=0 SLE=1 SRE=2"
"651","16.806717","192.168.1.25","142.250.182.16","TCP","55","9570  >  443 [ACK] Seq=1 Ack=1 Win=1023 Len=1 [TCP segment of a reassembled PDU]"
"652","16.839163","142.250.182.16","192.168.1.25","TCP","66","443  >  9570 [ACK] Seq=1 Ack=2 Win=340 Len=0 SLE=1 SRE=2"
"653","16.840486","192.168.1.30","192.168.1.25","TCP","71","50085  >  10000 [PSH, ACK] Seq=2495 Ack=1350 Win=510 Len=17"
"654","16.840486","192.168.1.30","192.168.1.25","TCP","195","50085  >  10000 [PSH, ACK] Seq=2512 Ack=1350 Win=510 Len=141"
"655","16.840585","192.168.1.25","192.168.1.30","TCP","54","10000  >  50085 [ACK] Seq=1350 Ack=2653 Win=512 Len=0"
"656","16.841936","192.168.1.30","192.168.1.25","TCP","71","50089  >  10001 [PSH, ACK] Seq=2478 Ack=1333 Win=509 Len=17"
"657","16.841936","192.168.1.30","192.168.1.25","TCP","195","50089  >  10001 [PSH, ACK] Seq=2495 Ack=1333 Win=509 Len=141"
"658","16.842033","192.168.1.25","192.168.1.30","TCP","54","10001  >  50089 [ACK] Seq=1333 Ack=2636 Win=513 Len=0"
"659","16.951785","192.168.1.99","192.168.1.25","TCP","195","1098  >  10001 [PSH, ACK] Seq=2529 Ack=1350 Win=510 Len=141"
"660","16.968113","HewlettP_2e:03:0e","Broadcast","ARP","42","Who has 192.168.1.5? Tell 192.168.1.25"
"661","16.992161","192.168.1.25","192.168.1.99","TCP","54","10001  >  1098 [ACK] Seq=1350 Ack=2670 Win=4103 Len=0"
"662","17.013480","142.250.182.74","192.168.1.25","TLSv1.2","204","Application Data"
"663","17.013928","192.168.1.25","142.250.182.74","TLSv1.2","89","Application Data"
"664","17.013989","192.168.1.25","142.250.182.74","TLSv1.2","89","Application Data"
"665","17.049446","142.250.182.74","192.168.1.25","TCP","60","443  >  9579 [ACK] Seq=2009 Ack=1022 Win=641 Len=0"
"666","17.049527","142.250.182.74","192.168.1.25","TCP","60","443  >  9579 [ACK] Seq=2009 Ack=1057 Win=641 Len=0"
"667","17.093672","142.250.182.74","192.168.1.25","TLSv1.2","384","Application Data"
"668","17.093942","192.168.1.25","142.250.182.74","TLSv1.2","89","Application Data"
"669","17.128916","142.250.182.74","192.168.1.25","TCP","60","443  >  9579 [ACK] Seq=2339 Ack=1092 Win=641 Len=0"
"670","17.263601","192.168.1.10","239.255.255.250","SSDP","216","M-SEARCH * HTTP/1.1 "
"671","17.333846","192.168.1.10","224.2.2.2","UDP","72","52161  >  8995 Len=30"
"672","17.341110","192.168.1.30","192.168.1.25","TCP","71","50085  >  10000 [PSH, ACK] Seq=2653 Ack=1350 Win=510 Len=17"
"673","17.342817","192.168.1.30","192.168.1.25","TCP","71","50089  >  10001 [PSH, ACK] Seq=2636 Ack=1333 Win=509 Len=17"
"674","17.348904","192.168.1.99","192.168.1.25","TCP","195","1081  >  10000 [PSH, ACK] Seq=2636 Ack=1333 Win=4100 Len=141"
"675","17.381035","192.168.1.25","192.168.1.30","TCP","54","10000  >  50085 [ACK] Seq=1350 Ack=2670 Win=512 Len=0"
"676","17.383069","192.168.1.25","192.168.1.30","TCP","54","10001  >  50089 [ACK] Seq=1333 Ack=2653 Win=513 Len=0"
"677","17.389090","192.168.1.25","192.168.1.99","TCP","54","10000  >  1081 [ACK] Seq=1333 Ack=2777 Win=4102 Len=0"
"678","17.448151","192.168.1.30","224.2.2.2","UDP","69","52882  >  8995 Len=27"
"679","17.451844","192.168.1.99","192.168.1.25","TCP","71","1098  >  10001 [PSH, ACK] Seq=2670 Ack=1350 Win=510 Len=17"
"680","17.491950","192.168.1.25","192.168.1.99","TCP","54","10001  >  1098 [ACK] Seq=1350 Ack=2687 Win=4103 Len=0"
"681","17.672318","00:ff:ff:cc:11:10","Broadcast","0xfffa","95","Ethernet II"
"682","17.841899","192.168.1.30","192.168.1.25","TCP","195","50085  >  10000 [PSH, ACK] Seq=2670 Ack=1350 Win=510 Len=141"
"683","17.841945","192.168.1.30","192.168.1.25","TCP","195","50089  >  10001 [PSH, ACK] Seq=2653 Ack=1333 Win=509 Len=141"
"684","17.849839","192.168.1.99","192.168.1.25","TCP","71","1081  >  10000 [PSH, ACK] Seq=2777 Ack=1333 Win=4100 Len=17"
"685","17.882986","192.168.1.25","192.168.1.30","TCP","54","10000  >  50085 [ACK] Seq=1350 Ack=2811 Win=512 Len=0"
"686","17.883076","192.168.1.25","192.168.1.30","TCP","54","10001  >  50089 [ACK] Seq=1333 Ack=2794 Win=512 Len=0"
"687","17.889967","192.168.1.25","192.168.1.99","TCP","54","10000  >  1081 [ACK] Seq=1333 Ack=2794 Win=4101 Len=0"
"688","17.951812","192.168.1.99","192.168.1.25","TCP","195","1098  >  10001 [PSH, ACK] Seq=2687 Ack=1350 Win=510 Len=141"
"689","17.992022","192.168.1.25","192.168.1.99","TCP","54","10001  >  1098 [ACK] Seq=1350 Ack=2828 Win=4102 Len=0"
"690","18.181557","192.168.1.25","192.168.1.30","TCP","71","10000  >  50085 [PSH, ACK] Seq=1350 Ack=2811 Win=512 Len=17"
"691","18.181646","192.168.1.25","192.168.1.30","TCP","71","10000  >  50085 [PSH, ACK] Seq=1367 Ack=2811 Win=512 Len=17"
"692","18.181664","192.168.1.25","192.168.1.30","TCP","71","10000  >  50085 [PSH, ACK] Seq=1384 Ack=2811 Win=512 Len=17"
"693","18.181677","192.168.1.25","192.168.1.30","TCP","71","10000  >  50085 [PSH, ACK] Seq=1401 Ack=2811 Win=512 Len=17"
"694","18.181793","192.168.1.25","192.168.1.99","TCP","71","10000  >  1081 [PSH, ACK] Seq=1333 Ack=2794 Win=4101 Len=17"
"695","18.181823","192.168.1.25","192.168.1.99","TCP","71","10000  >  1081 [PSH, ACK] Seq=1350 Ack=2794 Win=4101 Len=17"
"696","18.181848","192.168.1.25","192.168.1.99","TCP","71","10000  >  1081 [PSH, ACK] Seq=1367 Ack=2794 Win=4101 Len=17"
"697","18.181868","192.168.1.25","192.168.1.99","TCP","71","10000  >  1081 [PSH, ACK] Seq=1384 Ack=2794 Win=4101 Len=17"
"698","18.181911","192.168.1.25","192.168.1.30","TCP","71","10001  >  50089 [PSH, ACK] Seq=1333 Ack=2794 Win=512 Len=17"
"699","18.181930","192.168.1.25","192.168.1.30","TCP","71","10001  >  50089 [PSH, ACK] Seq=1350 Ack=2794 Win=512 Len=17"
"700","18.181950","192.168.1.25","192.168.1.30","TCP","71","10001  >  50089 [PSH, ACK] Seq=1367 Ack=2794 Win=512 Len=17"
"701","18.181967","192.168.1.25","192.168.1.30","TCP","71","10001  >  50089 [PSH, ACK] Seq=1384 Ack=2794 Win=512 Len=17"
"702","18.181994","192.168.1.25","192.168.1.99","TCP","71","10001  >  1098 [PSH, ACK] Seq=1350 Ack=2828 Win=4102 Len=17"
"703","18.182009","192.168.1.25","192.168.1.99","TCP","71","10001  >  1098 [PSH, ACK] Seq=1367 Ack=2828 Win=4102 Len=17"
"704","18.182047","192.168.1.25","192.168.1.99","TCP","71","10001  >  1098 [PSH, ACK] Seq=1384 Ack=2828 Win=4102 Len=17"
"705","18.182065","192.168.1.25","192.168.1.99","TCP","71","10001  >  1098 [PSH, ACK] Seq=1401 Ack=2828 Win=4102 Len=17"
"706","18.182077","192.168.1.25","192.168.1.99","TCP","71","10001  >  1098 [PSH, ACK] Seq=1418 Ack=2828 Win=4102 Len=17"
"707","18.182119","192.168.1.25","192.168.1.99","TCP","195","10000  >  1081 [PSH, ACK] Seq=1401 Ack=2794 Win=4101 Len=141"
"708","18.182131","192.168.1.25","192.168.1.30","TCP","195","10000  >  50085 [PSH, ACK] Seq=1418 Ack=2811 Win=512 Len=141"
"709","18.182165","192.168.1.25","192.168.1.30","TCP","195","10001  >  50089 [PSH, ACK] Seq=1401 Ack=2794 Win=512 Len=141"
"710","18.182176","192.168.1.25","192.168.1.99","TCP","195","10001  >  1098 [PSH, ACK] Seq=1435 Ack=2828 Win=4102 Len=141"
"711","18.182710","192.168.1.30","192.168.1.25","TCP","60","50089  >  10001 [ACK] Seq=2794 Ack=1401 Win=508 Len=0"
"712","18.182715","192.168.1.30","192.168.1.25","TCP","60","50085  >  10000 [ACK] Seq=2811 Ack=1418 Win=509 Len=0"
"713","18.182828","192.168.1.99","192.168.1.25","TCP","60","1081  >  10000 [ACK] Seq=2794 Ack=1401 Win=4100 Len=0"
"714","18.182828","192.168.1.99","192.168.1.25","TCP","60","1098  >  10001 [ACK] Seq=2828 Ack=1435 Win=509 Len=0"
"715","18.183031","192.168.1.25","192.168.1.30","TCP","71","10000  >  50085 [PSH, ACK] Seq=1559 Ack=2811 Win=512 Len=17"
"716","18.183045","192.168.1.25","192.168.1.99","TCP","71","10000  >  1081 [PSH, ACK] Seq=1542 Ack=2794 Win=4101 Len=17"
"717","18.183051","192.168.1.25","192.168.1.30","TCP","71","10001  >  50089 [PSH, ACK] Seq=1542 Ack=2794 Win=512 Len=17"
"718","18.183060","192.168.1.25","192.168.1.99","TCP","71","10001  >  1098 [PSH, ACK] Seq=1576 Ack=2828 Win=4102 Len=17"
"719","18.183262","192.168.1.99","192.168.1.25","TCP","60","1098  >  10001 [ACK] Seq=2828 Ack=1576 Win=509 Len=0"
"720","18.183728","192.168.1.99","192.168.1.25","TCP","60","1081  >  10000 [ACK] Seq=2794 Ack=1559 Win=4106 Len=0"
"721","18.183838","192.168.1.30","192.168.1.25","TCP","60","50085  >  10000 [ACK] Seq=2811 Ack=1576 Win=509 Len=0"
"722","18.183838","192.168.1.30","192.168.1.25","TCP","60","50089  >  10001 [ACK] Seq=2794 Ack=1559 Win=508 Len=0"
"723","18.223239","192.168.1.99","192.168.1.25","TCP","60","1098  >  10001 [ACK] Seq=2828 Ack=1593 Win=509 Len=0"
"724","18.256005","192.168.1.25","192.168.1.99","TCP","195","10000  >  1081 [PSH, ACK] Seq=1559 Ack=2794 Win=4101 Len=141"
"725","18.256072","192.168.1.25","192.168.1.30","TCP","195","10000  >  50085 [PSH, ACK] Seq=1576 Ack=2811 Win=512 Len=141"
"726","18.264024","192.168.1.10","239.255.255.250","SSDP","216","M-SEARCH * HTTP/1.1 "
"727","18.296141","192.168.1.25","192.168.1.30","TCP","195","10001  >  50089 [PSH, ACK] Seq=1559 Ack=2794 Win=512 Len=141"
"728","18.296206","192.168.1.25","192.168.1.99","TCP","195","10001  >  1098 [PSH, ACK] Seq=1593 Ack=2828 Win=4102 Len=141"
"729","18.301465","192.168.1.99","192.168.1.25","TCP","60","1081  >  10000 [ACK] Seq=2794 Ack=1700 Win=4105 Len=0"
"730","18.305557","192.168.1.30","192.168.1.25","TCP","60","50085  >  10000 [ACK] Seq=2811 Ack=1717 Win=508 Len=0"
"731","18.343005","192.168.1.10","224.2.2.2","UDP","72","52161  >  8995 Len=30"
"732","18.348093","192.168.1.99","192.168.1.25","TCP","195","1081  >  10000 [PSH, ACK] Seq=2794 Ack=1700 Win=4105 Len=141"
"733","18.348881","192.168.1.99","192.168.1.25","TCP","60","1098  >  10001 [ACK] Seq=2828 Ack=1734 Win=508 Len=0"
"734","18.352555","192.168.1.30","192.168.1.25","TCP","60","50089  >  10001 [ACK] Seq=2794 Ack=1700 Win=507 Len=0"
"735","18.388909","192.168.1.25","192.168.1.99","TCP","54","10000  >  1081 [ACK] Seq=1700 Ack=2935 Win=4101 Len=0"
"736","18.448734","192.168.1.30","224.2.2.2","UDP","69","52882  >  8995 Len=27"
"737","18.756595","192.168.1.25","192.168.1.99","TCP","71","10000  >  1081 [PSH, ACK] Seq=1700 Ack=2935 Win=4101 Len=17"
"738","18.756641","192.168.1.25","192.168.1.30","TCP","71","10000  >  50085 [PSH, ACK] Seq=1717 Ack=2811 Win=512 Len=17"
"739","18.757833","192.168.1.99","192.168.1.25","TCP","71","1081  >  10000 [PSH, ACK] Seq=2935 Ack=1717 Win=4105 Len=17"
"740","18.757912","192.168.1.30","192.168.1.25","TCP","71","50085  >  10000 [PSH, ACK] Seq=2811 Ack=1734 Win=508 Len=17"
"741","18.799488","192.168.1.25","192.168.1.99","TCP","54","10000  >  1081 [ACK] Seq=1717 Ack=2952 Win=4101 Len=0"
"742","18.799502","192.168.1.25","192.168.1.30","TCP","54","10000  >  50085 [ACK] Seq=1734 Ack=2828 Win=511 Len=0"
"743","18.841357","192.168.1.30","192.168.1.25","TCP","195","50085  >  10000 [PSH, ACK] Seq=2828 Ack=1734 Win=508 Len=141"
"744","18.841383","192.168.1.30","192.168.1.25","TCP","195","50089  >  10001 [PSH, ACK] Seq=2794 Ack=1700 Win=507 Len=141"
"745","18.882489","192.168.1.25","192.168.1.30","TCP","54","10001  >  50089 [ACK] Seq=1700 Ack=2935 Win=512 Len=0"
"746","18.882534","192.168.1.25","192.168.1.30","TCP","54","10000  >  50085 [ACK] Seq=1734 Ack=2969 Win=511 Len=0"
"747","18.953314","192.168.1.99","192.168.1.25","TCP","195","1098  >  10001 [PSH, ACK] Seq=2828 Ack=1734 Win=508 Len=141"
"748","18.994450","192.168.1.25","192.168.1.99","TCP","54","10001  >  1098 [ACK] Seq=1734 Ack=2969 Win=4102 Len=0"
"749","19.033081","HewlettP_50:d9:93","LLDP_Multicast","LLDP","189","LA/administrator LA/port-001 20 SysN=ADMINISTRATOR SysD=Hewlett-Packard HP EliteDesk 800 G1 SFF,MXL6110FMT,C8N26AV + HMI RTClass3 Port Status = OFF"
"750","19.157447","HewlettP_2e:03:0e","Broadcast","ARP","42","Who has 192.168.1.5? Tell 192.168.1.25"
"751","19.257352","192.168.1.25","192.168.1.99","TCP","71","10000  >  1081 [PSH, ACK] Seq=1717 Ack=2952 Win=4101 Len=17"
"752","19.257414","192.168.1.25","192.168.1.30","TCP","71","10000  >  50085 [PSH, ACK] Seq=1734 Ack=2969 Win=511 Len=17"
"753","19.257489","192.168.1.25","192.168.1.99","TCP","195","10000  >  1081 [PSH, ACK] Seq=1734 Ack=2952 Win=4101 Len=141"
"754","19.257537","192.168.1.25","192.168.1.30","TCP","195","10000  >  50085 [PSH, ACK] Seq=1751 Ack=2969 Win=511 Len=141"
"755","19.258596","192.168.1.30","192.168.1.25","TCP","60","50085  >  10000 [ACK] Seq=2969 Ack=1892 Win=507 Len=0"
"756","19.258596","192.168.1.99","192.168.1.25","TCP","60","1081  >  10000 [ACK] Seq=2952 Ack=1875 Win=4105 Len=0"
"757","19.258596","192.168.1.99","192.168.1.25","TCP","71","1081  >  10000 [PSH, ACK] Seq=2952 Ack=1875 Win=4105 Len=17"
"758","19.258596","192.168.1.30","192.168.1.25","TCP","71","50085  >  10000 [PSH, ACK] Seq=2969 Ack=1892 Win=507 Len=17"
"759","19.264224","192.168.1.10","239.255.255.250","SSDP","216","M-SEARCH * HTTP/1.1 "
"760","19.296413","192.168.1.25","192.168.1.30","TCP","71","10001  >  50089 [PSH, ACK] Seq=1700 Ack=2935 Win=512 Len=17"
"761","19.296466","192.168.1.25","192.168.1.99","TCP","71","10001  >  1098 [PSH, ACK] Seq=1734 Ack=2969 Win=4102 Len=17"
"762","19.296528","192.168.1.25","192.168.1.30","TCP","195","10001  >  50089 [PSH, ACK] Seq=1717 Ack=2935 Win=512 Len=141"
"763","19.296582","192.168.1.25","192.168.1.99","TCP","195","10001  >  1098 [PSH, ACK] Seq=1751 Ack=2969 Win=4102 Len=141"
"764","19.297650","192.168.1.99","192.168.1.25","TCP","60","1098  >  10001 [ACK] Seq=2969 Ack=1892 Win=508 Len=0"
"765","19.297650","192.168.1.99","192.168.1.25","TCP","71","1098  >  10001 [PSH, ACK] Seq=2969 Ack=1892 Win=508 Len=17"
"766","19.297676","192.168.1.30","192.168.1.25","TCP","60","50089  >  10001 [ACK] Seq=2935 Ack=1858 Win=513 Len=0"
"767","19.297676","192.168.1.30","192.168.1.25","TCP","71","50089  >  10001 [PSH, ACK] Seq=2935 Ack=1858 Win=513 Len=17"
"768","19.299280","192.168.1.25","192.168.1.99","TCP","54","10000  >  1081 [ACK] Seq=1875 Ack=2969 Win=4101 Len=0"
"769","19.299309","192.168.1.25","192.168.1.30","TCP","54","10000  >  50085 [ACK] Seq=1892 Ack=2986 Win=511 Len=0"
"770","19.307307","192.168.1.25","34.72.0.0","TCP","55","9662  >  443 [ACK] Seq=1 Ack=1 Win=511 Len=1 [TCP segment of a reassembled PDU]"
"771","19.337746","192.168.1.10","224.2.2.2","UDP","72","52161  >  8995 Len=30"
"772","19.339255","192.168.1.25","192.168.1.30","TCP","54","10001  >  50089 [ACK] Seq=1858 Ack=2952 Win=512 Len=0"
"773","19.339255","192.168.1.25","192.168.1.99","TCP","54","10001  >  1098 [ACK] Seq=1892 Ack=2986 Win=4101 Len=0"
"774","19.348106","192.168.1.99","192.168.1.25","TCP","195","1081  >  10000 [PSH, ACK] Seq=2969 Ack=1875 Win=4105 Len=141"
"775","19.389225","192.168.1.25","192.168.1.99","TCP","54","10000  >  1081 [ACK] Seq=1875 Ack=3110 Win=4100 Len=0"
"776","19.448975","192.168.1.30","224.2.2.2","UDP","69","52882  >  8995 Len=27"
"777","19.539336","142.250.205.227","192.168.1.25","TLSv1.2","127","Application Data"
